player,tm,zone,stat,value,shots,percent,FGA
A'JA WILSON,LVA,restricted,FGM,64,made,75.3,85
AERIAL POWERS,WAS,restricted,FGM,5,made,100,5
ALAINA COATES,WAS,restricted,FGM,15,made,75,20
ALANNA SMITH,PHO,restricted,FGM,20,made,69,29
ALEXIS JONES,ATL,restricted,FGM,0,made,0,0
ALEXIS PRINCE,CHI,restricted,FGM,0,made,0,0
ALISIA JENKINS,PHO,restricted,FGM,0,made,0,1
ALLIE QUIGLEY,CHI,restricted,FGM,11,made,78.6,14
ALLISHA GRAY,DAL,restricted,FGM,32,made,82.1,39
ALYSHA CLARK,SEA,restricted,FGM,26,made,76.5,34
ALYSSA THOMAS,CON,restricted,FGM,56,made,65.1,86
AMANDA ZAHUI B.,NYL,restricted,FGM,18,made,64.3,28
ANGEL MCCOUGHTRY,LVA,restricted,FGM,42,made,68.9,61
ARIEL ATKINS,WAS,restricted,FGM,14,made,70,20
ARIKE OGUNBOWALE,DAL,restricted,FGM,40,made,75.5,53
ASTOU NDOUR,DAL,restricted,FGM,9,made,100,9
AVERY WARLEY-TALBERT,LVA,restricted,FGM,3,made,60,5
AZURA STEVENS,CHI,restricted,FGM,25,made,83.3,30
BEATRICE MOMPREMIER,CON,restricted,FGM,11,made,55,20
BELLA ALARIE,DAL,restricted,FGM,13,made,61.9,21
BETNIJAH LANEY,ATL,restricted,FGM,48,made,77.4,62
BLAKE DIETRICK,ATL,restricted,FGM,11,made,61.1,18
BREANNA STEWART,SEA,restricted,FGM,44,made,74.6,59
BRIA HARTLEY,PHO,restricted,FGM,15,made,65.2,23
BRIA HOLMES,CON,restricted,FGM,11,made,50,22
BRIANN JANUARY,CON,restricted,FGM,1,made,20,5
BRIANNA TURNER,PHO,restricted,FGM,42,made,62.7,67
BRIDGET CARLETON,MIN,restricted,FGM,11,made,73.3,15
BRIONNA JONES,CON,restricted,FGM,67,made,69.8,96
BRITTANY BREWER,ATL,restricted,FGM,1,made,100,1
BRITTNEY GRINER,PHO,restricted,FGM,29,made,65.9,44
BRITTNEY SYKES,LAS,restricted,FGM,26,made,66.7,39
CANDACE PARKER,LAS,restricted,FGM,64,made,74.4,86
CANDICE DUPREE,IND,restricted,FGM,27,made,71.1,38
CAROLYN SWORDS,LVA,restricted,FGM,15,made,68.2,22
CHELSEA GRAY,LAS,restricted,FGM,26,made,65,40
CHENNEDY CARTER,ATL,restricted,FGM,36,made,70.6,51
CHEYENNE PARKER,CHI,restricted,FGM,47,made,69.1,68
CIERRA BURDICK,LVA,restricted,FGM,1,made,100,1
COURTNEY VANDERSLOOT,CHI,restricted,FGM,46,made,74.2,62
COURTNEY WILLIAMS,ATL,restricted,FGM,14,made,60.9,23
CRYSTAL DANGERFIELD,MIN,restricted,FGM,34,made,64.2,53
CRYSTAL LANGHORNE,SEA,restricted,FGM,3,made,100,3
DAMIRIS DANTAS,MIN,restricted,FGM,30,made,73.2,41
DANIELLE ROBINSON,LVA,restricted,FGM,26,made,72.2,36
DEWANNA BONNER,CON,restricted,FGM,55,made,66.3,83
DEARICA HAMBY,LVA,restricted,FGM,67,made,72,93
DIAMOND DESHIELDS,CHI,restricted,FGM,15,made,75,20
DIANA TAURASI,PHO,restricted,FGM,8,made,72.7,11
ELIZABETH WILLIAMS,ATL,restricted,FGM,61,made,60.4,101
EMMA CANNON,LVA,restricted,FGM,NA,made,NA,NA
EMMA MEESSEMAN,WAS,restricted,FGM,23,made,60.5,38
EPIPHANNY PRINCE,SEA,restricted,FGM,0,made,0,2
ERICA MCCALL,MIN,restricted,FGM,11,made,73.3,15
ESSENCE CARSON,CON,restricted,FGM,4,made,50,8
EZI MAGBEGOR,SEA,restricted,FGM,38,made,71.7,53
GABBY WILLIAMS,CHI,restricted,FGM,26,made,74.3,35
GLORY JOHNSON,ATL,restricted,FGM,7,made,77.8,9
ISABELLE HARRISON,DAL,restricted,FGM,12,made,66.7,18
JACKI GEMELOS,WAS,restricted,FGM,3,made,50,6
JACKIE YOUNG,LVA,restricted,FGM,22,made,68.8,32
JASMINE THOMAS,CON,restricted,FGM,19,made,57.6,33
JAYLYN AGNEW,ATL,restricted,FGM,0,made,0,0
JAZMINE JONES,NYL,restricted,FGM,30,made,68.2,44
JEWELL LOYD,SEA,restricted,FGM,27,made,71.1,38
JOCELYN WILLOUGHBY,NYL,restricted,FGM,13,made,36.1,36
JORDIN CANADA,SEA,restricted,FGM,27,made,67.5,40
JOYNER HOLMES,NYL,restricted,FGM,10,made,55.6,18
JULIE ALLEMAND,IND,restricted,FGM,8,made,66.7,12
KAELA DAVIS,ATL,restricted,FGM,0,made,0,0
KAHLEAH COPPER,CHI,restricted,FGM,57,made,71.3,80
KAILA CHARLES,CON,restricted,FGM,14,made,63.6,22
KALANI BROWN,ATL,restricted,FGM,9,made,69.2,13
KALEENA MOSQUEDA-LEWIS,CON,restricted,FGM,2,made,100,2
KAMIAH SMALLS,IND,restricted,FGM,1,made,50,2
KARIMA CHRISTMAS-KELLY,MIN,restricted,FGM,1,made,100,1
KATHLEEN DOYLE,IND,restricted,FGM,3,made,60,5
KATIE LOU SAMUELSON,DAL,restricted,FGM,11,made,91.7,12
KAYLA ALEXANDER,MIN,restricted,FGM,6,made,85.7,7
KAYLA MCBRIDE,LVA,restricted,FGM,9,made,52.9,17
KAYLA THORNTON,DAL,restricted,FGM,14,made,87.5,16
KELSEY MITCHELL,IND,restricted,FGM,36,made,67.9,53
KENNEDY BURKE,IND,restricted,FGM,25,made,80.6,31
KIA NURSE,NYL,restricted,FGM,22,made,52.4,42
KIA VAUGHN,PHO,restricted,FGM,18,made,72,25
KIAH STOKES,NYL,restricted,FGM,24,made,61.5,39
KIARA LESLIE,WAS,restricted,FGM,10,made,50,20
KRISTINE ANIGWE,LAS,restricted,FGM,24,made,88.9,27
KYLEE SHOOK,NYL,restricted,FGM,12,made,75,16
LAUREN COX,IND,restricted,FGM,6,made,54.5,11
LAYSHIA CLARENDON,NYL,restricted,FGM,32,made,80,40
LEAONNA ODOM,NYL,restricted,FGM,29,made,69,42
LEILANI MITCHELL,WAS,restricted,FGM,19,made,63.3,30
LEXIE BROWN,MIN,restricted,FGM,10,made,58.8,17
LINDSAY ALLEN,LVA,restricted,FGM,13,made,76.5,17
MARIE GULICH,LAS,restricted,FGM,7,made,77.8,9
MARINA MABREY,DAL,restricted,FGM,12,made,66.7,18
MEGAN GUSTAFSON,DAL,restricted,FGM,2,made,40,5
MEGAN HUFF,LVA,restricted,FGM,0,made,0,0
MEGAN WALKER,NYL,restricted,FGM,9,made,90,10
MERCEDES RUSSELL,SEA,restricted,FGM,19,made,61.3,31
MIKIAH HERBERT HARRIGAN,MIN,restricted,FGM,6,made,75,8
MONIQUE BILLINGS,ATL,restricted,FGM,35,made,58.3,60
MORGAN TUCK,SEA,restricted,FGM,2,made,50,4
MORIAH JEFFERSON,DAL,restricted,FGM,6,made,66.7,9
MYISHA HINES-ALLEN,WAS,restricted,FGM,53,made,63.9,83
NAPHEESA COLLIER,MIN,restricted,FGM,60,made,82.2,73
NATALIE ACHONWA,IND,restricted,FGM,26,made,68.4,38
NATASHA HOWARD,SEA,restricted,FGM,53,made,66.3,80
NATISHA HIEDEMAN,CON,restricted,FGM,12,made,75,16
NIA COFFEY,PHO,restricted,FGM,1,made,100,1
NNEKA OGWUMIKE,LAS,restricted,FGM,54,made,75,72
ODYSSEY SIMS,MIN,restricted,FGM,17,made,56.7,30
PARIS KEA,NYL,restricted,FGM,3,made,30,10
RACHEL BANHAM,MIN,restricted,FGM,7,made,77.8,9
RESHANDA GRAY,LAS,restricted,FGM,3,made,75,4
RIQUNA WILLIAMS,LAS,restricted,FGM,9,made,64.3,14
RUTHY HEBARD,CHI,restricted,FGM,32,made,86.5,37
SABRINA IONESCU,NYL,restricted,FGM,4,made,100,4
SAMI WHITCOMB,SEA,restricted,FGM,15,made,60,25
SATOU SABALLY,DAL,restricted,FGM,27,made,64.3,42
SEIMONE AUGUSTUS,LAS,restricted,FGM,3,made,100,3
SHATORI WALKER-KIMBROUGH,PHO,restricted,FGM,10,made,52.6,19
SHEKINNA STRICKLEN,ATL,restricted,FGM,3,made,27.3,11
SHENISE JOHNSON,MIN,restricted,FGM,5,made,31.3,16
SHEY PEDDY,PHO,restricted,FGM,6,made,66.7,9
SKYLAR DIGGINS-SMITH,PHO,restricted,FGM,32,made,58.2,55
SOPHIE CUNNINGHAM,PHO,restricted,FGM,13,made,61.9,21
STEFANIE DOLSON,CHI,restricted,FGM,12,made,85.7,14
STELLA JOHNSON,WAS,restricted,FGM,5,made,62.5,8
STEPHANIE MAVUNGA,CHI,restricted,FGM,7,made,87.5,8
SUE BIRD,SEA,restricted,FGM,3,made,75,4
SUG SUTTON,WAS,restricted,FGM,2,made,100,2
SUGAR RODGERS,LVA,restricted,FGM,1,made,50,2
SYDNEY COLSON,CHI,restricted,FGM,1,made,50,2
SYDNEY WIESE,LAS,restricted,FGM,17,made,73.9,23
SYLVIA FOWLES,MIN,restricted,FGM,23,made,79.3,29
TE'A COOPER,LAS,restricted,FGM,23,made,62.2,37
TEAIRA MCCOWAN,IND,restricted,FGM,51,made,71.8,71
THERESA PLAISANCE,CON,restricted,FGM,1,made,100,1
TIANNA HAWKINS,WAS,restricted,FGM,20,made,80,25
TIERRA RUFFIN-PRATT,LAS,restricted,FGM,3,made,42.9,7
TIFFANY MITCHELL,IND,restricted,FGM,21,made,55.3,38
TYASHA HARRIS,DAL,restricted,FGM,10,made,58.8,17
VICTORIA VIVIANS,IND,restricted,FGM,2,made,66.7,3
A'JA WILSON,LVA,paint,FGM,59,made,42.4,139
AERIAL POWERS,WAS,paint,FGM,9,made,56.3,16
ALAINA COATES,WAS,paint,FGM,2,made,18.2,11
ALANNA SMITH,PHO,paint,FGM,8,made,40,20
ALEXIS JONES,ATL,paint,FGM,0,made,0,0
ALEXIS PRINCE,CHI,paint,FGM,1,made,100,1
ALISIA JENKINS,PHO,paint,FGM,1,made,50,2
ALLIE QUIGLEY,CHI,paint,FGM,21,made,46.7,45
ALLISHA GRAY,DAL,paint,FGM,26,made,44.1,59
ALYSHA CLARK,SEA,paint,FGM,15,made,46.9,32
ALYSSA THOMAS,CON,paint,FGM,59,made,41.3,143
AMANDA ZAHUI B.,NYL,paint,FGM,6,made,26.1,23
ANGEL MCCOUGHTRY,LVA,paint,FGM,35,made,50,70
ARIEL ATKINS,WAS,paint,FGM,11,made,33.3,33
ARIKE OGUNBOWALE,DAL,paint,FGM,45,made,40.5,111
ASTOU NDOUR,DAL,paint,FGM,3,made,37.5,8
AVERY WARLEY-TALBERT,LVA,paint,FGM,0,made,0,2
AZURA STEVENS,CHI,paint,FGM,11,made,42.3,26
BEATRICE MOMPREMIER,CON,paint,FGM,5,made,33.3,15
BELLA ALARIE,DAL,paint,FGM,8,made,29.6,27
BETNIJAH LANEY,ATL,paint,FGM,35,made,46.7,75
BLAKE DIETRICK,ATL,paint,FGM,9,made,52.9,17
BREANNA STEWART,SEA,paint,FGM,31,made,43.7,71
BRIA HARTLEY,PHO,paint,FGM,16,made,51.6,31
BRIA HOLMES,CON,paint,FGM,11,made,33.3,33
BRIANN JANUARY,CON,paint,FGM,0,made,0,9
BRIANNA TURNER,PHO,paint,FGM,21,made,58.3,36
BRIDGET CARLETON,MIN,paint,FGM,12,made,48,25
BRIONNA JONES,CON,paint,FGM,21,made,63.6,33
BRITTANY BREWER,ATL,paint,FGM,0,made,0,0
BRITTNEY GRINER,PHO,paint,FGM,41,made,44.6,92
BRITTNEY SYKES,LAS,paint,FGM,17,made,54.8,31
CANDACE PARKER,LAS,paint,FGM,31,made,41.9,74
CANDICE DUPREE,IND,paint,FGM,34,made,49.3,69
CAROLYN SWORDS,LVA,paint,FGM,6,made,35.3,17
CHELSEA GRAY,LAS,paint,FGM,34,made,48.6,70
CHENNEDY CARTER,ATL,paint,FGM,32,made,43.2,74
CHEYENNE PARKER,CHI,paint,FGM,27,made,47.4,57
CIERRA BURDICK,LVA,paint,FGM,0,made,0,0
COURTNEY VANDERSLOOT,CHI,paint,FGM,12,made,25,48
COURTNEY WILLIAMS,ATL,paint,FGM,33,made,45.2,73
CRYSTAL DANGERFIELD,MIN,paint,FGM,34,made,55.7,61
CRYSTAL LANGHORNE,SEA,paint,FGM,2,made,33.3,6
DAMIRIS DANTAS,MIN,paint,FGM,21,made,38.2,55
DANIELLE ROBINSON,LVA,paint,FGM,18,made,42.9,42
DEWANNA BONNER,CON,paint,FGM,36,made,44.4,81
DEARICA HAMBY,LVA,paint,FGM,23,made,41.1,56
DIAMOND DESHIELDS,CHI,paint,FGM,9,made,39.1,23
DIANA TAURASI,PHO,paint,FGM,7,made,36.8,19
ELIZABETH WILLIAMS,ATL,paint,FGM,26,made,38.8,67
EMMA CANNON,LVA,paint,FGM,0,made,0,0
EMMA MEESSEMAN,WAS,paint,FGM,42,made,50,84
EPIPHANNY PRINCE,SEA,paint,FGM,6,made,37.5,16
ERICA MCCALL,MIN,paint,FGM,0,made,0,12
ESSENCE CARSON,CON,paint,FGM,4,made,21.1,19
EZI MAGBEGOR,SEA,paint,FGM,20,made,44.4,45
GABBY WILLIAMS,CHI,paint,FGM,10,made,37,27
GLORY JOHNSON,ATL,paint,FGM,8,made,47.1,17
ISABELLE HARRISON,DAL,paint,FGM,14,made,43.8,32
JACKI GEMELOS,WAS,paint,FGM,3,made,42.9,7
JACKIE YOUNG,LVA,paint,FGM,36,made,46.8,77
JASMINE THOMAS,CON,paint,FGM,8,made,26.7,30
JAYLYN AGNEW,ATL,paint,FGM,1,made,100,1
JAZMINE JONES,NYL,paint,FGM,14,made,26.9,52
JEWELL LOYD,SEA,paint,FGM,15,made,32.6,46
JOCELYN WILLOUGHBY,NYL,paint,FGM,3,made,15.8,19
JORDIN CANADA,SEA,paint,FGM,12,made,33.3,36
JOYNER HOLMES,NYL,paint,FGM,7,made,53.8,13
JULIE ALLEMAND,IND,paint,FGM,4,made,36.4,11
KAELA DAVIS,ATL,paint,FGM,0,made,0,0
KAHLEAH COPPER,CHI,paint,FGM,23,made,40.4,57
KAILA CHARLES,CON,paint,FGM,10,made,34.5,29
KALANI BROWN,ATL,paint,FGM,1,made,16.7,6
KALEENA MOSQUEDA-LEWIS,CON,paint,FGM,2,made,33.3,6
KAMIAH SMALLS,IND,paint,FGM,0,made,0,3
KARIMA CHRISTMAS-KELLY,MIN,paint,FGM,0,made,0,2
KATHLEEN DOYLE,IND,paint,FGM,1,made,14.3,7
KATIE LOU SAMUELSON,DAL,paint,FGM,9,made,75,12
KAYLA ALEXANDER,MIN,paint,FGM,7,made,38.9,18
KAYLA MCBRIDE,LVA,paint,FGM,24,made,47.1,51
KAYLA THORNTON,DAL,paint,FGM,11,made,45.8,24
KELSEY MITCHELL,IND,paint,FGM,23,made,38.3,60
KENNEDY BURKE,IND,paint,FGM,14,made,38.9,36
KIA NURSE,NYL,paint,FGM,8,made,17.4,46
KIA VAUGHN,PHO,paint,FGM,18,made,48.6,37
KIAH STOKES,NYL,paint,FGM,5,made,62.5,8
KIARA LESLIE,WAS,paint,FGM,9,made,37.5,24
KRISTINE ANIGWE,LAS,paint,FGM,6,made,31.6,19
KYLEE SHOOK,NYL,paint,FGM,9,made,31,29
LAUREN COX,IND,paint,FGM,6,made,40,15
LAYSHIA CLARENDON,NYL,paint,FGM,25,made,37.9,66
LEAONNA ODOM,NYL,paint,FGM,12,made,40,30
LEILANI MITCHELL,WAS,paint,FGM,14,made,46.7,30
LEXIE BROWN,MIN,paint,FGM,3,made,27.3,11
LINDSAY ALLEN,LVA,paint,FGM,3,made,21.4,14
MARIE GULICH,LAS,paint,FGM,5,made,45.5,11
MARINA MABREY,DAL,paint,FGM,14,made,42.4,33
MEGAN GUSTAFSON,DAL,paint,FGM,2,made,33.3,6
MEGAN HUFF,LVA,paint,FGM,0,made,0,1
MEGAN WALKER,NYL,paint,FGM,6,made,46.2,13
MERCEDES RUSSELL,SEA,paint,FGM,9,made,27.3,33
MIKIAH HERBERT HARRIGAN,MIN,paint,FGM,1,made,7.1,14
MONIQUE BILLINGS,ATL,paint,FGM,21,made,32.8,64
MORGAN TUCK,SEA,paint,FGM,1,made,50,2
MORIAH JEFFERSON,DAL,paint,FGM,7,made,36.8,19
MYISHA HINES-ALLEN,WAS,paint,FGM,52,made,48.6,107
NAPHEESA COLLIER,MIN,paint,FGM,42,made,45.2,93
NATALIE ACHONWA,IND,paint,FGM,14,made,56,25
NATASHA HOWARD,SEA,paint,FGM,23,made,43.4,53
NATISHA HIEDEMAN,CON,paint,FGM,5,made,22.7,22
NIA COFFEY,PHO,paint,FGM,2,made,40,5
NNEKA OGWUMIKE,LAS,paint,FGM,16,made,40,40
ODYSSEY SIMS,MIN,paint,FGM,10,made,35.7,28
PARIS KEA,NYL,paint,FGM,3,made,37.5,8
RACHEL BANHAM,MIN,paint,FGM,7,made,31.8,22
RESHANDA GRAY,LAS,paint,FGM,0,made,0,3
RIQUNA WILLIAMS,LAS,paint,FGM,11,made,55,20
RUTHY HEBARD,CHI,paint,FGM,18,made,58.1,31
SABRINA IONESCU,NYL,paint,FGM,6,made,50,12
SAMI WHITCOMB,SEA,paint,FGM,9,made,42.9,21
SATOU SABALLY,DAL,paint,FGM,23,made,38.3,60
SEIMONE AUGUSTUS,LAS,paint,FGM,6,made,42.9,14
SHATORI WALKER-KIMBROUGH,PHO,paint,FGM,10,made,38.5,26
SHEKINNA STRICKLEN,ATL,paint,FGM,5,made,38.5,13
SHENISE JOHNSON,MIN,paint,FGM,10,made,33.3,30
SHEY PEDDY,PHO,paint,FGM,8,made,53.3,15
SKYLAR DIGGINS-SMITH,PHO,paint,FGM,35,made,50,70
SOPHIE CUNNINGHAM,PHO,paint,FGM,8,made,61.5,13
STEFANIE DOLSON,CHI,paint,FGM,7,made,43.8,16
STELLA JOHNSON,WAS,paint,FGM,2,made,22.2,9
STEPHANIE MAVUNGA,CHI,paint,FGM,4,made,40,10
SUE BIRD,SEA,paint,FGM,3,made,75,4
SUG SUTTON,WAS,paint,FGM,1,made,16.7,6
SUGAR RODGERS,LVA,paint,FGM,3,made,30,10
SYDNEY COLSON,CHI,paint,FGM,3,made,37.5,8
SYDNEY WIESE,LAS,paint,FGM,2,made,22.2,9
SYLVIA FOWLES,MIN,paint,FGM,16,made,55.2,29
TE'A COOPER,LAS,paint,FGM,12,made,42.9,28
TEAIRA MCCOWAN,IND,paint,FGM,34,made,45.9,74
THERESA PLAISANCE,CON,paint,FGM,4,made,66.7,6
TIANNA HAWKINS,WAS,paint,FGM,11,made,36.7,30
TIERRA RUFFIN-PRATT,LAS,paint,FGM,1,made,9.1,11
TIFFANY MITCHELL,IND,paint,FGM,18,made,40.9,44
TYASHA HARRIS,DAL,paint,FGM,14,made,53.8,26
VICTORIA VIVIANS,IND,paint,FGM,4,made,50,8
A'JA WILSON,LVA,mid,FGM,43,made,35.2,122
AERIAL POWERS,WAS,mid,FGM,9,made,40.9,22
ALAINA COATES,WAS,mid,FGM,1,made,33.3,3
ALANNA SMITH,PHO,mid,FGM,5,made,50,10
ALEXIS JONES,ATL,mid,FGM,1,made,50,2
ALEXIS PRINCE,CHI,mid,FGM,0,made,0,1
ALISIA JENKINS,PHO,mid,FGM,1,made,50,2
ALLIE QUIGLEY,CHI,mid,FGM,51,made,53.1,96
ALLISHA GRAY,DAL,mid,FGM,8,made,29.6,27
ALYSHA CLARK,SEA,mid,FGM,6,made,42.9,14
ALYSSA THOMAS,CON,mid,FGM,7,made,50,14
AMANDA ZAHUI B.,NYL,mid,FGM,7,made,21.2,33
ANGEL MCCOUGHTRY,LVA,mid,FGM,24,made,39.3,61
ARIEL ATKINS,WAS,mid,FGM,41,made,45.1,91
ARIKE OGUNBOWALE,DAL,mid,FGM,40,made,35.4,113
ASTOU NDOUR,DAL,mid,FGM,2,made,13.3,15
AVERY WARLEY-TALBERT,LVA,mid,FGM,0,made,0,0
AZURA STEVENS,CHI,mid,FGM,8,made,34.8,23
BEATRICE MOMPREMIER,CON,mid,FGM,4,made,33.3,12
BELLA ALARIE,DAL,mid,FGM,2,made,40,5
BETNIJAH LANEY,ATL,mid,FGM,30,made,34.9,86
BLAKE DIETRICK,ATL,mid,FGM,3,made,27.3,11
BREANNA STEWART,SEA,mid,FGM,23,made,32.9,70
BRIA HARTLEY,PHO,mid,FGM,10,made,26.3,38
BRIA HOLMES,CON,mid,FGM,3,made,23.1,13
BRIANN JANUARY,CON,mid,FGM,10,made,32.3,31
BRIANNA TURNER,PHO,mid,FGM,3,made,30,10
BRIDGET CARLETON,MIN,mid,FGM,9,made,56.3,16
BRIONNA JONES,CON,mid,FGM,9,made,28.1,32
BRITTANY BREWER,ATL,mid,FGM,1,made,50,2
BRITTNEY GRINER,PHO,mid,FGM,17,made,44.7,38
BRITTNEY SYKES,LAS,mid,FGM,14,made,45.2,31
CANDACE PARKER,LAS,mid,FGM,10,made,28.6,35
CANDICE DUPREE,IND,mid,FGM,52,made,41.3,126
CAROLYN SWORDS,LVA,mid,FGM,2,made,18.2,11
CHELSEA GRAY,LAS,mid,FGM,44,made,41.1,107
CHENNEDY CARTER,ATL,mid,FGM,26,made,38.8,67
CHEYENNE PARKER,CHI,mid,FGM,8,made,44.4,18
CIERRA BURDICK,LVA,mid,FGM,1,made,16.7,6
COURTNEY VANDERSLOOT,CHI,mid,FGM,19,made,59.4,32
COURTNEY WILLIAMS,ATL,mid,FGM,79,made,44.6,177
CRYSTAL DANGERFIELD,MIN,mid,FGM,22,made,46.8,47
CRYSTAL LANGHORNE,SEA,mid,FGM,1,made,33.3,3
DAMIRIS DANTAS,MIN,mid,FGM,12,made,35.3,34
DANIELLE ROBINSON,LVA,mid,FGM,13,made,43.3,30
DEWANNA BONNER,CON,mid,FGM,30,made,37.5,80
DEARICA HAMBY,LVA,mid,FGM,2,made,11.8,17
DIAMOND DESHIELDS,CHI,mid,FGM,9,made,40.9,22
DIANA TAURASI,PHO,mid,FGM,20,made,52.6,38
ELIZABETH WILLIAMS,ATL,mid,FGM,0,made,0,10
EMMA CANNON,LVA,mid,FGM,NA,made,NA,NA
EMMA MEESSEMAN,WAS,mid,FGM,31,made,42.5,73
EPIPHANNY PRINCE,SEA,mid,FGM,7,made,58.3,12
ERICA MCCALL,MIN,mid,FGM,4,made,28.6,14
ESSENCE CARSON,CON,mid,FGM,10,made,35.7,28
EZI MAGBEGOR,SEA,mid,FGM,3,made,37.5,8
GABBY WILLIAMS,CHI,mid,FGM,11,made,42.3,26
GLORY JOHNSON,ATL,mid,FGM,5,made,33.3,15
ISABELLE HARRISON,DAL,mid,FGM,8,made,34.8,23
JACKI GEMELOS,WAS,mid,FGM,4,made,50,8
JACKIE YOUNG,LVA,mid,FGM,32,made,47.8,67
JASMINE THOMAS,CON,mid,FGM,28,made,45.2,62
JAYLYN AGNEW,ATL,mid,FGM,0,made,0,1
JAZMINE JONES,NYL,mid,FGM,10,made,33.3,30
JEWELL LOYD,SEA,mid,FGM,31,made,44.9,69
JOCELYN WILLOUGHBY,NYL,mid,FGM,8,made,47.1,17
JORDIN CANADA,SEA,mid,FGM,16,made,35.6,45
JOYNER HOLMES,NYL,mid,FGM,2,made,15.4,13
JULIE ALLEMAND,IND,mid,FGM,5,made,27.8,18
KAELA DAVIS,ATL,mid,FGM,0,made,0,0
KAHLEAH COPPER,CHI,mid,FGM,31,made,45.6,68
KAILA CHARLES,CON,mid,FGM,5,made,31.3,16
KALANI BROWN,ATL,mid,FGM,2,made,50,4
KALEENA MOSQUEDA-LEWIS,CON,mid,FGM,3,made,33.3,9
KAMIAH SMALLS,IND,mid,FGM,1,made,33.3,3
KARIMA CHRISTMAS-KELLY,MIN,mid,FGM,0,made,0,1
KATHLEEN DOYLE,IND,mid,FGM,1,made,12.5,8
KATIE LOU SAMUELSON,DAL,mid,FGM,1,made,8.3,12
KAYLA ALEXANDER,MIN,mid,FGM,3,made,60,5
KAYLA MCBRIDE,LVA,mid,FGM,32,made,45.1,71
KAYLA THORNTON,DAL,mid,FGM,4,made,26.7,15
KELSEY MITCHELL,IND,mid,FGM,23,made,45.1,51
KENNEDY BURKE,IND,mid,FGM,3,made,25,12
KIA NURSE,NYL,mid,FGM,7,made,22.6,31
KIA VAUGHN,PHO,mid,FGM,26,made,41.3,63
KIAH STOKES,NYL,mid,FGM,2,made,40,5
KIARA LESLIE,WAS,mid,FGM,2,made,11.8,17
KRISTINE ANIGWE,LAS,mid,FGM,2,made,28.6,7
KYLEE SHOOK,NYL,mid,FGM,8,made,47.1,17
LAUREN COX,IND,mid,FGM,3,made,27.3,11
LAYSHIA CLARENDON,NYL,mid,FGM,2,made,22.2,9
LEAONNA ODOM,NYL,mid,FGM,2,made,33.3,6
LEILANI MITCHELL,WAS,mid,FGM,11,made,45.8,24
LEXIE BROWN,MIN,mid,FGM,11,made,35.5,31
LINDSAY ALLEN,LVA,mid,FGM,6,made,33.3,18
MARIE GULICH,LAS,mid,FGM,1,made,33.3,3
MARINA MABREY,DAL,mid,FGM,4,made,25,16
MEGAN GUSTAFSON,DAL,mid,FGM,0,made,0,2
MEGAN HUFF,LVA,mid,FGM,0,made,0,1
MEGAN WALKER,NYL,mid,FGM,4,made,33.3,12
MERCEDES RUSSELL,SEA,mid,FGM,4,made,28.6,14
MIKIAH HERBERT HARRIGAN,MIN,mid,FGM,9,made,33.3,27
MONIQUE BILLINGS,ATL,mid,FGM,12,made,26.1,46
MORGAN TUCK,SEA,mid,FGM,0,made,0,1
MORIAH JEFFERSON,DAL,mid,FGM,3,made,33.3,9
MYISHA HINES-ALLEN,WAS,mid,FGM,19,made,44.2,43
NAPHEESA COLLIER,MIN,mid,FGM,14,made,31.1,45
NATALIE ACHONWA,IND,mid,FGM,17,made,40.5,42
NATASHA HOWARD,SEA,mid,FGM,4,made,36.4,11
NATISHA HIEDEMAN,CON,mid,FGM,5,made,20,25
NIA COFFEY,PHO,mid,FGM,6,made,54.5,11
NNEKA OGWUMIKE,LAS,mid,FGM,16,made,43.2,37
ODYSSEY SIMS,MIN,mid,FGM,7,made,31.8,22
PARIS KEA,NYL,mid,FGM,9,made,40.9,22
RACHEL BANHAM,MIN,mid,FGM,9,made,45,20
RESHANDA GRAY,LAS,mid,FGM,1,made,25,4
RIQUNA WILLIAMS,LAS,mid,FGM,18,made,36,50
RUTHY HEBARD,CHI,mid,FGM,8,made,47.1,17
SABRINA IONESCU,NYL,mid,FGM,2,made,33.3,6
SAMI WHITCOMB,SEA,mid,FGM,6,made,60,10
SATOU SABALLY,DAL,mid,FGM,4,made,28.6,14
SEIMONE AUGUSTUS,LAS,mid,FGM,33,made,46.5,71
SHATORI WALKER-KIMBROUGH,PHO,mid,FGM,12,made,40,30
SHEKINNA STRICKLEN,ATL,mid,FGM,6,made,40,15
SHENISE JOHNSON,MIN,mid,FGM,7,made,36.8,19
SHEY PEDDY,PHO,mid,FGM,1,made,20,5
SKYLAR DIGGINS-SMITH,PHO,mid,FGM,14,made,51.9,27
SOPHIE CUNNINGHAM,PHO,mid,FGM,2,made,33.3,6
STEFANIE DOLSON,CHI,mid,FGM,4,made,44.4,9
STELLA JOHNSON,WAS,mid,FGM,0,made,0,3
STEPHANIE MAVUNGA,CHI,mid,FGM,2,made,33.3,6
SUE BIRD,SEA,mid,FGM,12,made,46.2,26
SUG SUTTON,WAS,mid,FGM,4,made,50,8
SUGAR RODGERS,LVA,mid,FGM,2,made,40,5
SYDNEY COLSON,CHI,mid,FGM,2,made,100,2
SYDNEY WIESE,LAS,mid,FGM,3,made,37.5,8
SYLVIA FOWLES,MIN,mid,FGM,0,made,0,6
TE'A COOPER,LAS,mid,FGM,5,made,31.3,16
TEAIRA MCCOWAN,IND,mid,FGM,5,made,25,20
THERESA PLAISANCE,CON,mid,FGM,1,made,20,5
TIANNA HAWKINS,WAS,mid,FGM,5,made,27.8,18
TIERRA RUFFIN-PRATT,LAS,mid,FGM,2,made,14.3,14
TIFFANY MITCHELL,IND,mid,FGM,18,made,30.5,59
TYASHA HARRIS,DAL,mid,FGM,12,made,42.9,28
VICTORIA VIVIANS,IND,mid,FGM,2,made,28.6,7
A'JA WILSON,LVA,left,FGM,0,made,0,0
AERIAL POWERS,WAS,left,FGM,0,made,0,2
ALAINA COATES,WAS,left,FGM,0,made,0,0
ALANNA SMITH,PHO,left,FGM,1,made,100,1
ALEXIS JONES,ATL,left,FGM,0,made,0,0
ALEXIS PRINCE,CHI,left,FGM,NA,made,NA,NA
ALISIA JENKINS,PHO,left,FGM,0,made,0,0
ALLIE QUIGLEY,CHI,left,FGM,3,made,50,6
ALLISHA GRAY,DAL,left,FGM,1,made,50,2
ALYSHA CLARK,SEA,left,FGM,5,made,71.4,7
ALYSSA THOMAS,CON,left,FGM,0,made,0,0
AMANDA ZAHUI B.,NYL,left,FGM,0,made,0,1
ANGEL MCCOUGHTRY,LVA,left,FGM,0,made,0,0
ARIEL ATKINS,WAS,left,FGM,3,made,42.9,7
ARIKE OGUNBOWALE,DAL,left,FGM,0,made,0,3
ASTOU NDOUR,DAL,left,FGM,1,made,100,1
AVERY WARLEY-TALBERT,LVA,left,FGM,0,made,0,0
AZURA STEVENS,CHI,left,FGM,3,made,100,3
BEATRICE MOMPREMIER,CON,left,FGM,0,made,0,0
BELLA ALARIE,DAL,left,FGM,0,made,0,0
BETNIJAH LANEY,ATL,left,FGM,1,made,12.5,8
BLAKE DIETRICK,ATL,left,FGM,1,made,50,2
BREANNA STEWART,SEA,left,FGM,0,made,0,0
BRIA HARTLEY,PHO,left,FGM,0,made,0,0
BRIA HOLMES,CON,left,FGM,0,made,0,0
BRIANN JANUARY,CON,left,FGM,0,made,0,0
BRIANNA TURNER,PHO,left,FGM,0,made,0,0
BRIDGET CARLETON,MIN,left,FGM,3,made,60,5
BRIONNA JONES,CON,left,FGM,0,made,0,0
BRITTANY BREWER,ATL,left,FGM,NA,made,NA,NA
BRITTNEY GRINER,PHO,left,FGM,0,made,0,0
BRITTNEY SYKES,LAS,left,FGM,3,made,50,6
CANDACE PARKER,LAS,left,FGM,2,made,66.7,3
CANDICE DUPREE,IND,left,FGM,0,made,0,0
CAROLYN SWORDS,LVA,left,FGM,0,made,0,0
CHELSEA GRAY,LAS,left,FGM,0,made,0,0
CHENNEDY CARTER,ATL,left,FGM,0,made,0,1
CHEYENNE PARKER,CHI,left,FGM,0,made,0,1
CIERRA BURDICK,LVA,left,FGM,0,made,0,0
COURTNEY VANDERSLOOT,CHI,left,FGM,1,made,50,2
COURTNEY WILLIAMS,ATL,left,FGM,0,made,0,3
CRYSTAL DANGERFIELD,MIN,left,FGM,0,made,0,2
CRYSTAL LANGHORNE,SEA,left,FGM,0,made,0,0
DAMIRIS DANTAS,MIN,left,FGM,1,made,50,2
DANIELLE ROBINSON,LVA,left,FGM,0,made,0,1
DEWANNA BONNER,CON,left,FGM,1,made,33.3,3
DEARICA HAMBY,LVA,left,FGM,2,made,66.7,3
DIAMOND DESHIELDS,CHI,left,FGM,1,made,50,2
DIANA TAURASI,PHO,left,FGM,0,made,0,1
ELIZABETH WILLIAMS,ATL,left,FGM,0,made,0,0
EMMA CANNON,LVA,left,FGM,NA,made,NA,NA
EMMA MEESSEMAN,WAS,left,FGM,0,made,0,2
EPIPHANNY PRINCE,SEA,left,FGM,0,made,0,0
ERICA MCCALL,MIN,left,FGM,0,made,0,0
ESSENCE CARSON,CON,left,FGM,1,made,50,2
EZI MAGBEGOR,SEA,left,FGM,0,made,0,0
GABBY WILLIAMS,CHI,left,FGM,1,made,33.3,3
GLORY JOHNSON,ATL,left,FGM,0,made,0,0
ISABELLE HARRISON,DAL,left,FGM,0,made,0,0
JACKI GEMELOS,WAS,left,FGM,2,made,50,4
JACKIE YOUNG,LVA,left,FGM,0,made,0,0
JASMINE THOMAS,CON,left,FGM,2,made,33.3,6
JAYLYN AGNEW,ATL,left,FGM,1,made,100,1
JAZMINE JONES,NYL,left,FGM,1,made,100,1
JEWELL LOYD,SEA,left,FGM,8,made,61.5,13
JOCELYN WILLOUGHBY,NYL,left,FGM,0,made,0,1
JORDIN CANADA,SEA,left,FGM,0,made,0,0
JOYNER HOLMES,NYL,left,FGM,0,made,0,1
JULIE ALLEMAND,IND,left,FGM,1,made,100,1
KAELA DAVIS,ATL,left,FGM,NA,made,NA,NA
KAHLEAH COPPER,CHI,left,FGM,1,made,50,2
KAILA CHARLES,CON,left,FGM,0,made,0,0
KALANI BROWN,ATL,left,FGM,0,made,0,0
KALEENA MOSQUEDA-LEWIS,CON,left,FGM,1,made,33.3,3
KAMIAH SMALLS,IND,left,FGM,1,made,33.3,3
KARIMA CHRISTMAS-KELLY,MIN,left,FGM,0,made,0,0
KATHLEEN DOYLE,IND,left,FGM,0,made,0,1
KATIE LOU SAMUELSON,DAL,left,FGM,0,made,0,2
KAYLA ALEXANDER,MIN,left,FGM,0,made,0,0
KAYLA MCBRIDE,LVA,left,FGM,0,made,0,3
KAYLA THORNTON,DAL,left,FGM,0,made,0,1
KELSEY MITCHELL,IND,left,FGM,0,made,0,2
KENNEDY BURKE,IND,left,FGM,2,made,100,2
KIA NURSE,NYL,left,FGM,1,made,33.3,3
KIA VAUGHN,PHO,left,FGM,0,made,0,0
KIAH STOKES,NYL,left,FGM,0,made,0,6
KIARA LESLIE,WAS,left,FGM,2,made,50,4
KRISTINE ANIGWE,LAS,left,FGM,0,made,0,0
KYLEE SHOOK,NYL,left,FGM,0,made,0,1
LAUREN COX,IND,left,FGM,0,made,0,0
LAYSHIA CLARENDON,NYL,left,FGM,0,made,0,0
LEAONNA ODOM,NYL,left,FGM,2,made,66.7,3
LEILANI MITCHELL,WAS,left,FGM,1,made,33.3,3
LEXIE BROWN,MIN,left,FGM,0,made,0,3
LINDSAY ALLEN,LVA,left,FGM,1,made,100,1
MARIE GULICH,LAS,left,FGM,0,made,0,0
MARINA MABREY,DAL,left,FGM,2,made,66.7,3
MEGAN GUSTAFSON,DAL,left,FGM,0,made,0,0
MEGAN HUFF,LVA,left,FGM,0,made,0,0
MEGAN WALKER,NYL,left,FGM,0,made,0,2
MERCEDES RUSSELL,SEA,left,FGM,0,made,0,0
MIKIAH HERBERT HARRIGAN,MIN,left,FGM,1,made,100,1
MONIQUE BILLINGS,ATL,left,FGM,0,made,0,0
MORGAN TUCK,SEA,left,FGM,0,made,0,2
MORIAH JEFFERSON,DAL,left,FGM,0,made,0,0
MYISHA HINES-ALLEN,WAS,left,FGM,0,made,0,1
NAPHEESA COLLIER,MIN,left,FGM,1,made,50,2
NATALIE ACHONWA,IND,left,FGM,0,made,0,0
NATASHA HOWARD,SEA,left,FGM,1,made,100,1
NATISHA HIEDEMAN,CON,left,FGM,0,made,0,0
NIA COFFEY,PHO,left,FGM,0,made,0,1
NNEKA OGWUMIKE,LAS,left,FGM,0,made,0,0
ODYSSEY SIMS,MIN,left,FGM,0,made,0,0
PARIS KEA,NYL,left,FGM,0,made,0,0
RACHEL BANHAM,MIN,left,FGM,2,made,100,2
RESHANDA GRAY,LAS,left,FGM,0,made,0,0
RIQUNA WILLIAMS,LAS,left,FGM,6,made,60,10
RUTHY HEBARD,CHI,left,FGM,0,made,0,0
SABRINA IONESCU,NYL,left,FGM,0,made,0,1
SAMI WHITCOMB,SEA,left,FGM,1,made,33.3,3
SATOU SABALLY,DAL,left,FGM,0,made,0,3
SEIMONE AUGUSTUS,LAS,left,FGM,0,made,0,0
SHATORI WALKER-KIMBROUGH,PHO,left,FGM,2,made,25,8
SHEKINNA STRICKLEN,ATL,left,FGM,0,made,0,2
SHENISE JOHNSON,MIN,left,FGM,0,made,0,0
SHEY PEDDY,PHO,left,FGM,1,made,100,1
SKYLAR DIGGINS-SMITH,PHO,left,FGM,2,made,40,5
SOPHIE CUNNINGHAM,PHO,left,FGM,2,made,40,5
STEFANIE DOLSON,CHI,left,FGM,0,made,0,0
STELLA JOHNSON,WAS,left,FGM,0,made,0,0
STEPHANIE MAVUNGA,CHI,left,FGM,0,made,0,0
SUE BIRD,SEA,left,FGM,3,made,100,3
SUG SUTTON,WAS,left,FGM,0,made,0,0
SUGAR RODGERS,LVA,left,FGM,0,made,0,0
SYDNEY COLSON,CHI,left,FGM,0,made,0,0
SYDNEY WIESE,LAS,left,FGM,2,made,100,2
SYLVIA FOWLES,MIN,left,FGM,0,made,0,0
TE'A COOPER,LAS,left,FGM,1,made,16.7,6
TEAIRA MCCOWAN,IND,left,FGM,0,made,0,0
THERESA PLAISANCE,CON,left,FGM,0,made,0,0
TIANNA HAWKINS,WAS,left,FGM,0,made,0,1
TIERRA RUFFIN-PRATT,LAS,left,FGM,0,made,0,0
TIFFANY MITCHELL,IND,left,FGM,2,made,40,5
TYASHA HARRIS,DAL,left,FGM,1,made,33.3,3
VICTORIA VIVIANS,IND,left,FGM,1,made,50,2
A'JA WILSON,LVA,right,FGM,0,made,0,0
AERIAL POWERS,WAS,right,FGM,0,made,0,1
ALAINA COATES,WAS,right,FGM,0,made,0,0
ALANNA SMITH,PHO,right,FGM,0,made,0,0
ALEXIS JONES,ATL,right,FGM,0,made,0,0
ALEXIS PRINCE,CHI,right,FGM,NA,made,NA,NA
ALISIA JENKINS,PHO,right,FGM,0,made,0,0
ALLIE QUIGLEY,CHI,right,FGM,1,made,100,1
ALLISHA GRAY,DAL,right,FGM,1,made,50,2
ALYSHA CLARK,SEA,right,FGM,0,made,0,0
ALYSSA THOMAS,CON,right,FGM,0,made,0,0
AMANDA ZAHUI B.,NYL,right,FGM,0,made,0,0
ANGEL MCCOUGHTRY,LVA,right,FGM,0,made,0,0
ARIEL ATKINS,WAS,right,FGM,0,made,0,0
ARIKE OGUNBOWALE,DAL,right,FGM,0,made,0,1
ASTOU NDOUR,DAL,right,FGM,0,made,0,0
AVERY WARLEY-TALBERT,LVA,right,FGM,NA,made,NA,NA
AZURA STEVENS,CHI,right,FGM,1,made,50,2
BEATRICE MOMPREMIER,CON,right,FGM,0,made,0,0
BELLA ALARIE,DAL,right,FGM,0,made,0,0
BETNIJAH LANEY,ATL,right,FGM,1,made,50,2
BLAKE DIETRICK,ATL,right,FGM,0,made,0,0
BREANNA STEWART,SEA,right,FGM,0,made,0,0
BRIA HARTLEY,PHO,right,FGM,0,made,0,0
BRIA HOLMES,CON,right,FGM,0,made,0,0
BRIANN JANUARY,CON,right,FGM,0,made,0,0
BRIANNA TURNER,PHO,right,FGM,0,made,0,0
BRIDGET CARLETON,MIN,right,FGM,0,made,0,1
BRIONNA JONES,CON,right,FGM,0,made,0,0
BRITTANY BREWER,ATL,right,FGM,0,made,0,0
BRITTNEY GRINER,PHO,right,FGM,0,made,0,0
BRITTNEY SYKES,LAS,right,FGM,1,made,33.3,3
CANDACE PARKER,LAS,right,FGM,0,made,0,0
CANDICE DUPREE,IND,right,FGM,0,made,0,0
CAROLYN SWORDS,LVA,right,FGM,0,made,0,0
CHELSEA GRAY,LAS,right,FGM,1,made,100,1
CHENNEDY CARTER,ATL,right,FGM,1,made,100,1
CHEYENNE PARKER,CHI,right,FGM,0,made,0,0
CIERRA BURDICK,LVA,right,FGM,0,made,0,0
COURTNEY VANDERSLOOT,CHI,right,FGM,1,made,100,1
COURTNEY WILLIAMS,ATL,right,FGM,0,made,0,0
CRYSTAL DANGERFIELD,MIN,right,FGM,1,made,50,2
CRYSTAL LANGHORNE,SEA,right,FGM,0,made,0,0
DAMIRIS DANTAS,MIN,right,FGM,0,made,0,0
DANIELLE ROBINSON,LVA,right,FGM,0,made,0,0
DEWANNA BONNER,CON,right,FGM,0,made,0,1
DEARICA HAMBY,LVA,right,FGM,0,made,0,0
DIAMOND DESHIELDS,CHI,right,FGM,0,made,0,2
DIANA TAURASI,PHO,right,FGM,0,made,0,1
ELIZABETH WILLIAMS,ATL,right,FGM,0,made,0,0
EMMA CANNON,LVA,right,FGM,NA,made,NA,NA
EMMA MEESSEMAN,WAS,right,FGM,0,made,0,0
EPIPHANNY PRINCE,SEA,right,FGM,0,made,0,0
ERICA MCCALL,MIN,right,FGM,0,made,0,0
ESSENCE CARSON,CON,right,FGM,0,made,0,1
EZI MAGBEGOR,SEA,right,FGM,0,made,0,0
GABBY WILLIAMS,CHI,right,FGM,0,made,0,2
GLORY JOHNSON,ATL,right,FGM,0,made,0,0
ISABELLE HARRISON,DAL,right,FGM,0,made,0,0
JACKI GEMELOS,WAS,right,FGM,0,made,0,1
JACKIE YOUNG,LVA,right,FGM,0,made,0,0
JASMINE THOMAS,CON,right,FGM,1,made,100,1
JAYLYN AGNEW,ATL,right,FGM,0,made,0,0
JAZMINE JONES,NYL,right,FGM,0,made,0,1
JEWELL LOYD,SEA,right,FGM,0,made,0,1
JOCELYN WILLOUGHBY,NYL,right,FGM,0,made,0,0
JORDIN CANADA,SEA,right,FGM,0,made,0,0
JOYNER HOLMES,NYL,right,FGM,1,made,100,1
JULIE ALLEMAND,IND,right,FGM,0,made,0,0
KAELA DAVIS,ATL,right,FGM,NA,made,NA,NA
KAHLEAH COPPER,CHI,right,FGM,1,made,100,1
KAILA CHARLES,CON,right,FGM,1,made,50,2
KALANI BROWN,ATL,right,FGM,0,made,0,0
KALEENA MOSQUEDA-LEWIS,CON,right,FGM,1,made,100,1
KAMIAH SMALLS,IND,right,FGM,0,made,0,0
KARIMA CHRISTMAS-KELLY,MIN,right,FGM,0,made,0,0
KATHLEEN DOYLE,IND,right,FGM,0,made,0,0
KATIE LOU SAMUELSON,DAL,right,FGM,0,made,0,0
KAYLA ALEXANDER,MIN,right,FGM,0,made,0,0
KAYLA MCBRIDE,LVA,right,FGM,0,made,0,0
KAYLA THORNTON,DAL,right,FGM,2,made,100,2
KELSEY MITCHELL,IND,right,FGM,0,made,0,0
KENNEDY BURKE,IND,right,FGM,0,made,0,0
KIA NURSE,NYL,right,FGM,0,made,0,0
KIA VAUGHN,PHO,right,FGM,0,made,0,0
KIAH STOKES,NYL,right,FGM,0,made,0,3
KIARA LESLIE,WAS,right,FGM,0,made,0,0
KRISTINE ANIGWE,LAS,right,FGM,0,made,0,0
KYLEE SHOOK,NYL,right,FGM,0,made,0,0
LAUREN COX,IND,right,FGM,0,made,0,0
LAYSHIA CLARENDON,NYL,right,FGM,0,made,0,1
LEAONNA ODOM,NYL,right,FGM,1,made,50,2
LEILANI MITCHELL,WAS,right,FGM,2,made,66.7,3
LEXIE BROWN,MIN,right,FGM,0,made,0,0
LINDSAY ALLEN,LVA,right,FGM,0,made,0,0
MARIE GULICH,LAS,right,FGM,0,made,0,0
MARINA MABREY,DAL,right,FGM,0,made,0,0
MEGAN GUSTAFSON,DAL,right,FGM,0,made,0,0
MEGAN HUFF,LVA,right,FGM,0,made,0,0
MEGAN WALKER,NYL,right,FGM,0,made,0,0
MERCEDES RUSSELL,SEA,right,FGM,0,made,0,0
MIKIAH HERBERT HARRIGAN,MIN,right,FGM,0,made,0,1
MONIQUE BILLINGS,ATL,right,FGM,0,made,0,0
MORGAN TUCK,SEA,right,FGM,0,made,0,1
MORIAH JEFFERSON,DAL,right,FGM,0,made,0,1
MYISHA HINES-ALLEN,WAS,right,FGM,0,made,0,0
NAPHEESA COLLIER,MIN,right,FGM,1,made,100,1
NATALIE ACHONWA,IND,right,FGM,0,made,0,0
NATASHA HOWARD,SEA,right,FGM,0,made,0,0
NATISHA HIEDEMAN,CON,right,FGM,0,made,0,1
NIA COFFEY,PHO,right,FGM,0,made,0,0
NNEKA OGWUMIKE,LAS,right,FGM,0,made,0,0
ODYSSEY SIMS,MIN,right,FGM,0,made,0,0
PARIS KEA,NYL,right,FGM,0,made,0,0
RACHEL BANHAM,MIN,right,FGM,1,made,100,1
RESHANDA GRAY,LAS,right,FGM,0,made,0,0
RIQUNA WILLIAMS,LAS,right,FGM,1,made,100,1
RUTHY HEBARD,CHI,right,FGM,0,made,0,0
SABRINA IONESCU,NYL,right,FGM,0,made,0,0
SAMI WHITCOMB,SEA,right,FGM,2,made,33.3,6
SATOU SABALLY,DAL,right,FGM,3,made,100,3
SEIMONE AUGUSTUS,LAS,right,FGM,0,made,0,0
SHATORI WALKER-KIMBROUGH,PHO,right,FGM,0,made,0,0
SHEKINNA STRICKLEN,ATL,right,FGM,0,made,0,1
SHENISE JOHNSON,MIN,right,FGM,0,made,0,0
SHEY PEDDY,PHO,right,FGM,0,made,0,0
SKYLAR DIGGINS-SMITH,PHO,right,FGM,1,made,50,2
SOPHIE CUNNINGHAM,PHO,right,FGM,1,made,33.3,3
STEFANIE DOLSON,CHI,right,FGM,0,made,0,0
STELLA JOHNSON,WAS,right,FGM,0,made,0,0
STEPHANIE MAVUNGA,CHI,right,FGM,0,made,0,0
SUE BIRD,SEA,right,FGM,1,made,100,1
SUG SUTTON,WAS,right,FGM,0,made,0,0
SUGAR RODGERS,LVA,right,FGM,1,made,50,2
SYDNEY COLSON,CHI,right,FGM,0,made,0,0
SYDNEY WIESE,LAS,right,FGM,0,made,0,1
SYLVIA FOWLES,MIN,right,FGM,0,made,0,0
TE'A COOPER,LAS,right,FGM,0,made,0,0
TEAIRA MCCOWAN,IND,right,FGM,0,made,0,0
THERESA PLAISANCE,CON,right,FGM,0,made,0,0
TIANNA HAWKINS,WAS,right,FGM,0,made,0,0
TIERRA RUFFIN-PRATT,LAS,right,FGM,1,made,100,1
TIFFANY MITCHELL,IND,right,FGM,1,made,50,2
TYASHA HARRIS,DAL,right,FGM,0,made,0,1
VICTORIA VIVIANS,IND,right,FGM,0,made,0,0
A'JA WILSON,LVA,break,FGM,0,made,0,0
AERIAL POWERS,WAS,break,FGM,9,made,39.1,23
ALAINA COATES,WAS,break,FGM,0,made,0,0
ALANNA SMITH,PHO,break,FGM,9,made,21.4,42
ALEXIS JONES,ATL,break,FGM,7,made,36.8,19
ALEXIS PRINCE,CHI,break,FGM,2,made,66.7,3
ALISIA JENKINS,PHO,break,FGM,0,made,0,3
ALLIE QUIGLEY,CHI,break,FGM,42,made,33.6,125
ALLISHA GRAY,DAL,break,FGM,23,made,34.3,67
ALYSHA CLARK,SEA,break,FGM,30,made,50,60
ALYSSA THOMAS,CON,break,FGM,0,made,0,1
AMANDA ZAHUI B.,NYL,break,FGM,34,made,34.3,99
ANGEL MCCOUGHTRY,LVA,break,FGM,16,made,47.1,34
ARIEL ATKINS,WAS,break,FGM,41,made,41.4,99
ARIKE OGUNBOWALE,DAL,break,FGM,48,made,34.8,138
ASTOU NDOUR,DAL,break,FGM,5,made,20.8,24
AVERY WARLEY-TALBERT,LVA,break,FGM,0,made,0,0
AZURA STEVENS,CHI,break,FGM,11,made,32.4,34
BEATRICE MOMPREMIER,CON,break,FGM,0,made,0,0
BELLA ALARIE,DAL,break,FGM,1,made,7.7,13
BETNIJAH LANEY,ATL,break,FGM,28,made,44.4,63
BLAKE DIETRICK,ATL,break,FGM,25,made,44.6,56
BREANNA STEWART,SEA,break,FGM,35,made,36.8,95
BRIA HARTLEY,PHO,break,FGM,25,made,39.1,64
BRIA HOLMES,CON,break,FGM,10,made,33.3,30
BRIANN JANUARY,CON,break,FGM,11,made,36.7,30
BRIANNA TURNER,PHO,break,FGM,0,made,0,1
BRIDGET CARLETON,MIN,break,FGM,18,made,45,40
BRIONNA JONES,CON,break,FGM,1,made,100,1
BRITTANY BREWER,ATL,break,FGM,0,made,0,0
BRITTNEY GRINER,PHO,break,FGM,0,made,0,0
BRITTNEY SYKES,LAS,break,FGM,12,made,30,40
CANDACE PARKER,LAS,break,FGM,17,made,38.6,44
CANDICE DUPREE,IND,break,FGM,3,made,16.7,18
CAROLYN SWORDS,LVA,break,FGM,0,made,0,0
CHELSEA GRAY,LAS,break,FGM,17,made,29.3,58
CHENNEDY CARTER,ATL,break,FGM,11,made,36.7,30
CHEYENNE PARKER,CHI,break,FGM,15,made,48.4,31
CIERRA BURDICK,LVA,break,FGM,0,made,0,0
COURTNEY VANDERSLOOT,CHI,break,FGM,28,made,39.4,71
COURTNEY WILLIAMS,ATL,break,FGM,8,made,25.8,31
CRYSTAL DANGERFIELD,MIN,break,FGM,33,made,33.7,98
CRYSTAL LANGHORNE,SEA,break,FGM,1,made,20,5
DAMIRIS DANTAS,MIN,break,FGM,38,made,43.2,88
DANIELLE ROBINSON,LVA,break,FGM,5,made,45.5,11
DEWANNA BONNER,CON,break,FGM,26,made,25.5,102
DEARICA HAMBY,LVA,break,FGM,16,made,47.1,34
DIAMOND DESHIELDS,CHI,break,FGM,2,made,14.3,14
DIANA TAURASI,PHO,break,FGM,61,made,37,165
ELIZABETH WILLIAMS,ATL,break,FGM,0,made,0,0
EMMA CANNON,LVA,break,FGM,0,made,0,0
EMMA MEESSEMAN,WAS,break,FGM,13,made,30.2,43
EPIPHANNY PRINCE,SEA,break,FGM,9,made,33.3,27
ERICA MCCALL,MIN,break,FGM,1,made,25,4
ESSENCE CARSON,CON,break,FGM,11,made,26.8,41
EZI MAGBEGOR,SEA,break,FGM,1,made,33.3,3
GABBY WILLIAMS,CHI,break,FGM,19,made,29.7,64
GLORY JOHNSON,ATL,break,FGM,11,made,26.2,42
ISABELLE HARRISON,DAL,break,FGM,0,made,0,3
JACKI GEMELOS,WAS,break,FGM,7,made,23.3,30
JACKIE YOUNG,LVA,break,FGM,3,made,23.1,13
JASMINE THOMAS,CON,break,FGM,18,made,32.7,55
JAYLYN AGNEW,ATL,break,FGM,2,made,16.7,12
JAZMINE JONES,NYL,break,FGM,13,made,32.5,40
JEWELL LOYD,SEA,break,FGM,31,made,36.5,85
JOCELYN WILLOUGHBY,NYL,break,FGM,15,made,41.7,36
JORDIN CANADA,SEA,break,FGM,1,made,9.1,11
JOYNER HOLMES,NYL,break,FGM,2,made,7.7,26
JULIE ALLEMAND,IND,break,FGM,43,made,47.8,90
KAELA DAVIS,ATL,break,FGM,0,made,0,0
KAHLEAH COPPER,CHI,break,FGM,19,made,32.8,58
KAILA CHARLES,CON,break,FGM,10,made,35.7,28
KALANI BROWN,ATL,break,FGM,0,made,0,0
KALEENA MOSQUEDA-LEWIS,CON,break,FGM,10,made,23.3,43
KAMIAH SMALLS,IND,break,FGM,6,made,66.7,9
KARIMA CHRISTMAS-KELLY,MIN,break,FGM,0,made,0,3
KATHLEEN DOYLE,IND,break,FGM,5,made,25,20
KATIE LOU SAMUELSON,DAL,break,FGM,19,made,32.8,58
KAYLA ALEXANDER,MIN,break,FGM,0,made,0,0
KAYLA MCBRIDE,LVA,break,FGM,25,made,35.7,70
KAYLA THORNTON,DAL,break,FGM,23,made,33.8,68
KELSEY MITCHELL,IND,break,FGM,56,made,39.4,142
KENNEDY BURKE,IND,break,FGM,13,made,28.3,46
KIA NURSE,NYL,break,FGM,30,made,23.6,127
KIA VAUGHN,PHO,break,FGM,0,made,0,2
KIAH STOKES,NYL,break,FGM,20,made,26.3,76
KIARA LESLIE,WAS,break,FGM,15,made,34.9,43
KRISTINE ANIGWE,LAS,break,FGM,0,made,0,0
KYLEE SHOOK,NYL,break,FGM,3,made,18.8,16
LAUREN COX,IND,break,FGM,3,made,60,5
LAYSHIA CLARENDON,NYL,break,FGM,15,made,34.9,43
LEAONNA ODOM,NYL,break,FGM,2,made,13.3,15
LEILANI MITCHELL,WAS,break,FGM,26,made,29.5,88
LEXIE BROWN,MIN,break,FGM,14,made,28.6,49
LINDSAY ALLEN,LVA,break,FGM,5,made,31.3,16
MARIE GULICH,LAS,break,FGM,0,made,0,3
MARINA MABREY,DAL,break,FGM,36,made,40.9,88
MEGAN GUSTAFSON,DAL,break,FGM,0,made,0,1
MEGAN HUFF,LVA,break,FGM,0,made,0,1
MEGAN WALKER,NYL,break,FGM,6,made,15,40
MERCEDES RUSSELL,SEA,break,FGM,0,made,0,0
MIKIAH HERBERT HARRIGAN,MIN,break,FGM,13,made,41.9,31
MONIQUE BILLINGS,ATL,break,FGM,0,made,0,0
MORGAN TUCK,SEA,break,FGM,2,made,33.3,6
MORIAH JEFFERSON,DAL,break,FGM,2,made,40,5
MYISHA HINES-ALLEN,WAS,break,FGM,26,made,43.3,60
NAPHEESA COLLIER,MIN,break,FGM,18,made,39.1,46
NATALIE ACHONWA,IND,break,FGM,0,made,0,10
NATASHA HOWARD,SEA,break,FGM,6,made,31.6,19
NATISHA HIEDEMAN,CON,break,FGM,23,made,36.5,63
NIA COFFEY,PHO,break,FGM,7,made,35,20
NNEKA OGWUMIKE,LAS,break,FGM,9,made,50,18
ODYSSEY SIMS,MIN,break,FGM,8,made,33.3,24
PARIS KEA,NYL,break,FGM,13,made,39.4,33
RACHEL BANHAM,MIN,break,FGM,22,made,44,50
RESHANDA GRAY,LAS,break,FGM,0,made,0,0
RIQUNA WILLIAMS,LAS,break,FGM,36,made,39.6,91
RUTHY HEBARD,CHI,break,FGM,0,made,0,0
SABRINA IONESCU,NYL,break,FGM,7,made,36.8,19
SAMI WHITCOMB,SEA,break,FGM,29,made,38.7,75
SATOU SABALLY,DAL,break,FGM,10,made,16.7,60
SEIMONE AUGUSTUS,LAS,break,FGM,12,made,54.5,22
SHATORI WALKER-KIMBROUGH,PHO,break,FGM,20,made,46.5,43
SHEKINNA STRICKLEN,ATL,break,FGM,33,made,34.4,96
SHENISE JOHNSON,MIN,break,FGM,6,made,37.5,16
SHEY PEDDY,PHO,break,FGM,3,made,9.4,32
SKYLAR DIGGINS-SMITH,PHO,break,FGM,43,made,39.4,109
SOPHIE CUNNINGHAM,PHO,break,FGM,9,made,20.9,43
STEFANIE DOLSON,CHI,break,FGM,12,made,37.5,32
STELLA JOHNSON,WAS,break,FGM,9,made,64.3,14
STEPHANIE MAVUNGA,CHI,break,FGM,0,made,0,5
SUE BIRD,SEA,break,FGM,19,made,42.2,45
SUG SUTTON,WAS,break,FGM,5,made,31.3,16
SUGAR RODGERS,LVA,break,FGM,19,made,31.7,60
SYDNEY COLSON,CHI,break,FGM,3,made,33.3,9
SYDNEY WIESE,LAS,break,FGM,23,made,46,50
SYLVIA FOWLES,MIN,break,FGM,0,made,0,0
TE'A COOPER,LAS,break,FGM,10,made,38.5,26
TEAIRA MCCOWAN,IND,break,FGM,0,made,0,3
THERESA PLAISANCE,CON,break,FGM,5,made,29.4,17
TIANNA HAWKINS,WAS,break,FGM,17,made,30.4,56
TIERRA RUFFIN-PRATT,LAS,break,FGM,5,made,41.7,12
TIFFANY MITCHELL,IND,break,FGM,14,made,21.2,66
TYASHA HARRIS,DAL,break,FGM,18,made,34.6,52
VICTORIA VIVIANS,IND,break,FGM,1,made,11.1,9
A'JA WILSON,LVA,restricted,missed,21,missed,75.3,85
AERIAL POWERS,WAS,restricted,missed,0,missed,100,5
ALAINA COATES,WAS,restricted,missed,5,missed,75,20
ALANNA SMITH,PHO,restricted,missed,9,missed,69,29
ALEXIS JONES,ATL,restricted,missed,0,missed,0,0
ALEXIS PRINCE,CHI,restricted,missed,0,missed,0,0
ALISIA JENKINS,PHO,restricted,missed,1,missed,0,1
ALLIE QUIGLEY,CHI,restricted,missed,3,missed,78.6,14
ALLISHA GRAY,DAL,restricted,missed,7,missed,82.1,39
ALYSHA CLARK,SEA,restricted,missed,8,missed,76.5,34
ALYSSA THOMAS,CON,restricted,missed,30,missed,65.1,86
AMANDA ZAHUI B.,NYL,restricted,missed,10,missed,64.3,28
ANGEL MCCOUGHTRY,LVA,restricted,missed,19,missed,68.9,61
ARIEL ATKINS,WAS,restricted,missed,6,missed,70,20
ARIKE OGUNBOWALE,DAL,restricted,missed,13,missed,75.5,53
ASTOU NDOUR,DAL,restricted,missed,0,missed,100,9
AVERY WARLEY-TALBERT,LVA,restricted,missed,2,missed,60,5
AZURA STEVENS,CHI,restricted,missed,5,missed,83.3,30
BEATRICE MOMPREMIER,CON,restricted,missed,9,missed,55,20
BELLA ALARIE,DAL,restricted,missed,8,missed,61.9,21
BETNIJAH LANEY,ATL,restricted,missed,14,missed,77.4,62
BLAKE DIETRICK,ATL,restricted,missed,7,missed,61.1,18
BREANNA STEWART,SEA,restricted,missed,15,missed,74.6,59
BRIA HARTLEY,PHO,restricted,missed,8,missed,65.2,23
BRIA HOLMES,CON,restricted,missed,11,missed,50,22
BRIANN JANUARY,CON,restricted,missed,4,missed,20,5
BRIANNA TURNER,PHO,restricted,missed,25,missed,62.7,67
BRIDGET CARLETON,MIN,restricted,missed,4,missed,73.3,15
BRIONNA JONES,CON,restricted,missed,29,missed,69.8,96
BRITTANY BREWER,ATL,restricted,missed,0,missed,100,1
BRITTNEY GRINER,PHO,restricted,missed,15,missed,65.9,44
BRITTNEY SYKES,LAS,restricted,missed,13,missed,66.7,39
CANDACE PARKER,LAS,restricted,missed,22,missed,74.4,86
CANDICE DUPREE,IND,restricted,missed,11,missed,71.1,38
CAROLYN SWORDS,LVA,restricted,missed,7,missed,68.2,22
CHELSEA GRAY,LAS,restricted,missed,14,missed,65,40
CHENNEDY CARTER,ATL,restricted,missed,15,missed,70.6,51
CHEYENNE PARKER,CHI,restricted,missed,21,missed,69.1,68
CIERRA BURDICK,LVA,restricted,missed,0,missed,100,1
COURTNEY VANDERSLOOT,CHI,restricted,missed,16,missed,74.2,62
COURTNEY WILLIAMS,ATL,restricted,missed,9,missed,60.9,23
CRYSTAL DANGERFIELD,MIN,restricted,missed,19,missed,64.2,53
CRYSTAL LANGHORNE,SEA,restricted,missed,0,missed,100,3
DAMIRIS DANTAS,MIN,restricted,missed,11,missed,73.2,41
DANIELLE ROBINSON,LVA,restricted,missed,10,missed,72.2,36
DEWANNA BONNER,CON,restricted,missed,28,missed,66.3,83
DEARICA HAMBY,LVA,restricted,missed,26,missed,72,93
DIAMOND DESHIELDS,CHI,restricted,missed,5,missed,75,20
DIANA TAURASI,PHO,restricted,missed,3,missed,72.7,11
ELIZABETH WILLIAMS,ATL,restricted,missed,40,missed,60.4,101
EMMA CANNON,LVA,restricted,missed,NA,missed,NA,NA
EMMA MEESSEMAN,WAS,restricted,missed,15,missed,60.5,38
EPIPHANNY PRINCE,SEA,restricted,missed,2,missed,0,2
ERICA MCCALL,MIN,restricted,missed,4,missed,73.3,15
ESSENCE CARSON,CON,restricted,missed,4,missed,50,8
EZI MAGBEGOR,SEA,restricted,missed,15,missed,71.7,53
GABBY WILLIAMS,CHI,restricted,missed,9,missed,74.3,35
GLORY JOHNSON,ATL,restricted,missed,2,missed,77.8,9
ISABELLE HARRISON,DAL,restricted,missed,6,missed,66.7,18
JACKI GEMELOS,WAS,restricted,missed,3,missed,50,6
JACKIE YOUNG,LVA,restricted,missed,10,missed,68.8,32
JASMINE THOMAS,CON,restricted,missed,14,missed,57.6,33
JAYLYN AGNEW,ATL,restricted,missed,0,missed,0,0
JAZMINE JONES,NYL,restricted,missed,14,missed,68.2,44
JEWELL LOYD,SEA,restricted,missed,11,missed,71.1,38
JOCELYN WILLOUGHBY,NYL,restricted,missed,23,missed,36.1,36
JORDIN CANADA,SEA,restricted,missed,13,missed,67.5,40
JOYNER HOLMES,NYL,restricted,missed,8,missed,55.6,18
JULIE ALLEMAND,IND,restricted,missed,4,missed,66.7,12
KAELA DAVIS,ATL,restricted,missed,0,missed,0,0
KAHLEAH COPPER,CHI,restricted,missed,23,missed,71.3,80
KAILA CHARLES,CON,restricted,missed,8,missed,63.6,22
KALANI BROWN,ATL,restricted,missed,4,missed,69.2,13
KALEENA MOSQUEDA-LEWIS,CON,restricted,missed,0,missed,100,2
KAMIAH SMALLS,IND,restricted,missed,1,missed,50,2
KARIMA CHRISTMAS-KELLY,MIN,restricted,missed,0,missed,100,1
KATHLEEN DOYLE,IND,restricted,missed,2,missed,60,5
KATIE LOU SAMUELSON,DAL,restricted,missed,1,missed,91.7,12
KAYLA ALEXANDER,MIN,restricted,missed,1,missed,85.7,7
KAYLA MCBRIDE,LVA,restricted,missed,8,missed,52.9,17
KAYLA THORNTON,DAL,restricted,missed,2,missed,87.5,16
KELSEY MITCHELL,IND,restricted,missed,17,missed,67.9,53
KENNEDY BURKE,IND,restricted,missed,6,missed,80.6,31
KIA NURSE,NYL,restricted,missed,20,missed,52.4,42
KIA VAUGHN,PHO,restricted,missed,7,missed,72,25
KIAH STOKES,NYL,restricted,missed,15,missed,61.5,39
KIARA LESLIE,WAS,restricted,missed,10,missed,50,20
KRISTINE ANIGWE,LAS,restricted,missed,3,missed,88.9,27
KYLEE SHOOK,NYL,restricted,missed,4,missed,75,16
LAUREN COX,IND,restricted,missed,5,missed,54.5,11
LAYSHIA CLARENDON,NYL,restricted,missed,8,missed,80,40
LEAONNA ODOM,NYL,restricted,missed,13,missed,69,42
LEILANI MITCHELL,WAS,restricted,missed,11,missed,63.3,30
LEXIE BROWN,MIN,restricted,missed,7,missed,58.8,17
LINDSAY ALLEN,LVA,restricted,missed,4,missed,76.5,17
MARIE GULICH,LAS,restricted,missed,2,missed,77.8,9
MARINA MABREY,DAL,restricted,missed,6,missed,66.7,18
MEGAN GUSTAFSON,DAL,restricted,missed,3,missed,40,5
MEGAN HUFF,LVA,restricted,missed,0,missed,0,0
MEGAN WALKER,NYL,restricted,missed,1,missed,90,10
MERCEDES RUSSELL,SEA,restricted,missed,12,missed,61.3,31
MIKIAH HERBERT HARRIGAN,MIN,restricted,missed,2,missed,75,8
MONIQUE BILLINGS,ATL,restricted,missed,25,missed,58.3,60
MORGAN TUCK,SEA,restricted,missed,2,missed,50,4
MORIAH JEFFERSON,DAL,restricted,missed,3,missed,66.7,9
MYISHA HINES-ALLEN,WAS,restricted,missed,30,missed,63.9,83
NAPHEESA COLLIER,MIN,restricted,missed,13,missed,82.2,73
NATALIE ACHONWA,IND,restricted,missed,12,missed,68.4,38
NATASHA HOWARD,SEA,restricted,missed,27,missed,66.3,80
NATISHA HIEDEMAN,CON,restricted,missed,4,missed,75,16
NIA COFFEY,PHO,restricted,missed,0,missed,100,1
NNEKA OGWUMIKE,LAS,restricted,missed,18,missed,75,72
ODYSSEY SIMS,MIN,restricted,missed,13,missed,56.7,30
PARIS KEA,NYL,restricted,missed,7,missed,30,10
RACHEL BANHAM,MIN,restricted,missed,2,missed,77.8,9
RESHANDA GRAY,LAS,restricted,missed,1,missed,75,4
RIQUNA WILLIAMS,LAS,restricted,missed,5,missed,64.3,14
RUTHY HEBARD,CHI,restricted,missed,5,missed,86.5,37
SABRINA IONESCU,NYL,restricted,missed,0,missed,100,4
SAMI WHITCOMB,SEA,restricted,missed,10,missed,60,25
SATOU SABALLY,DAL,restricted,missed,15,missed,64.3,42
SEIMONE AUGUSTUS,LAS,restricted,missed,0,missed,100,3
SHATORI WALKER-KIMBROUGH,PHO,restricted,missed,9,missed,52.6,19
SHEKINNA STRICKLEN,ATL,restricted,missed,8,missed,27.3,11
SHENISE JOHNSON,MIN,restricted,missed,11,missed,31.3,16
SHEY PEDDY,PHO,restricted,missed,3,missed,66.7,9
SKYLAR DIGGINS-SMITH,PHO,restricted,missed,23,missed,58.2,55
SOPHIE CUNNINGHAM,PHO,restricted,missed,8,missed,61.9,21
STEFANIE DOLSON,CHI,restricted,missed,2,missed,85.7,14
STELLA JOHNSON,WAS,restricted,missed,3,missed,62.5,8
STEPHANIE MAVUNGA,CHI,restricted,missed,1,missed,87.5,8
SUE BIRD,SEA,restricted,missed,1,missed,75,4
SUG SUTTON,WAS,restricted,missed,0,missed,100,2
SUGAR RODGERS,LVA,restricted,missed,1,missed,50,2
SYDNEY COLSON,CHI,restricted,missed,1,missed,50,2
SYDNEY WIESE,LAS,restricted,missed,6,missed,73.9,23
SYLVIA FOWLES,MIN,restricted,missed,6,missed,79.3,29
TE'A COOPER,LAS,restricted,missed,14,missed,62.2,37
TEAIRA MCCOWAN,IND,restricted,missed,20,missed,71.8,71
THERESA PLAISANCE,CON,restricted,missed,0,missed,100,1
TIANNA HAWKINS,WAS,restricted,missed,5,missed,80,25
TIERRA RUFFIN-PRATT,LAS,restricted,missed,4,missed,42.9,7
TIFFANY MITCHELL,IND,restricted,missed,17,missed,55.3,38
TYASHA HARRIS,DAL,restricted,missed,7,missed,58.8,17
VICTORIA VIVIANS,IND,restricted,missed,1,missed,66.7,3
A'JA WILSON,LVA,paint,missed,80,missed,42.4,139
AERIAL POWERS,WAS,paint,missed,7,missed,56.3,16
ALAINA COATES,WAS,paint,missed,9,missed,18.2,11
ALANNA SMITH,PHO,paint,missed,12,missed,40,20
ALEXIS JONES,ATL,paint,missed,0,missed,0,0
ALEXIS PRINCE,CHI,paint,missed,0,missed,100,1
ALISIA JENKINS,PHO,paint,missed,1,missed,50,2
ALLIE QUIGLEY,CHI,paint,missed,24,missed,46.7,45
ALLISHA GRAY,DAL,paint,missed,33,missed,44.1,59
ALYSHA CLARK,SEA,paint,missed,17,missed,46.9,32
ALYSSA THOMAS,CON,paint,missed,84,missed,41.3,143
AMANDA ZAHUI B.,NYL,paint,missed,17,missed,26.1,23
ANGEL MCCOUGHTRY,LVA,paint,missed,35,missed,50,70
ARIEL ATKINS,WAS,paint,missed,22,missed,33.3,33
ARIKE OGUNBOWALE,DAL,paint,missed,66,missed,40.5,111
ASTOU NDOUR,DAL,paint,missed,5,missed,37.5,8
AVERY WARLEY-TALBERT,LVA,paint,missed,2,missed,0,2
AZURA STEVENS,CHI,paint,missed,15,missed,42.3,26
BEATRICE MOMPREMIER,CON,paint,missed,10,missed,33.3,15
BELLA ALARIE,DAL,paint,missed,19,missed,29.6,27
BETNIJAH LANEY,ATL,paint,missed,40,missed,46.7,75
BLAKE DIETRICK,ATL,paint,missed,8,missed,52.9,17
BREANNA STEWART,SEA,paint,missed,40,missed,43.7,71
BRIA HARTLEY,PHO,paint,missed,15,missed,51.6,31
BRIA HOLMES,CON,paint,missed,22,missed,33.3,33
BRIANN JANUARY,CON,paint,missed,9,missed,0,9
BRIANNA TURNER,PHO,paint,missed,15,missed,58.3,36
BRIDGET CARLETON,MIN,paint,missed,13,missed,48,25
BRIONNA JONES,CON,paint,missed,12,missed,63.6,33
BRITTANY BREWER,ATL,paint,missed,0,missed,0,0
BRITTNEY GRINER,PHO,paint,missed,51,missed,44.6,92
BRITTNEY SYKES,LAS,paint,missed,14,missed,54.8,31
CANDACE PARKER,LAS,paint,missed,43,missed,41.9,74
CANDICE DUPREE,IND,paint,missed,35,missed,49.3,69
CAROLYN SWORDS,LVA,paint,missed,11,missed,35.3,17
CHELSEA GRAY,LAS,paint,missed,36,missed,48.6,70
CHENNEDY CARTER,ATL,paint,missed,42,missed,43.2,74
CHEYENNE PARKER,CHI,paint,missed,30,missed,47.4,57
CIERRA BURDICK,LVA,paint,missed,0,missed,0,0
COURTNEY VANDERSLOOT,CHI,paint,missed,36,missed,25,48
COURTNEY WILLIAMS,ATL,paint,missed,40,missed,45.2,73
CRYSTAL DANGERFIELD,MIN,paint,missed,27,missed,55.7,61
CRYSTAL LANGHORNE,SEA,paint,missed,4,missed,33.3,6
DAMIRIS DANTAS,MIN,paint,missed,34,missed,38.2,55
DANIELLE ROBINSON,LVA,paint,missed,24,missed,42.9,42
DEWANNA BONNER,CON,paint,missed,45,missed,44.4,81
DEARICA HAMBY,LVA,paint,missed,33,missed,41.1,56
DIAMOND DESHIELDS,CHI,paint,missed,14,missed,39.1,23
DIANA TAURASI,PHO,paint,missed,12,missed,36.8,19
ELIZABETH WILLIAMS,ATL,paint,missed,41,missed,38.8,67
EMMA CANNON,LVA,paint,missed,0,missed,0,0
EMMA MEESSEMAN,WAS,paint,missed,42,missed,50,84
EPIPHANNY PRINCE,SEA,paint,missed,10,missed,37.5,16
ERICA MCCALL,MIN,paint,missed,12,missed,0,12
ESSENCE CARSON,CON,paint,missed,15,missed,21.1,19
EZI MAGBEGOR,SEA,paint,missed,25,missed,44.4,45
GABBY WILLIAMS,CHI,paint,missed,17,missed,37,27
GLORY JOHNSON,ATL,paint,missed,9,missed,47.1,17
ISABELLE HARRISON,DAL,paint,missed,18,missed,43.8,32
JACKI GEMELOS,WAS,paint,missed,4,missed,42.9,7
JACKIE YOUNG,LVA,paint,missed,41,missed,46.8,77
JASMINE THOMAS,CON,paint,missed,22,missed,26.7,30
JAYLYN AGNEW,ATL,paint,missed,0,missed,100,1
JAZMINE JONES,NYL,paint,missed,38,missed,26.9,52
JEWELL LOYD,SEA,paint,missed,31,missed,32.6,46
JOCELYN WILLOUGHBY,NYL,paint,missed,16,missed,15.8,19
JORDIN CANADA,SEA,paint,missed,24,missed,33.3,36
JOYNER HOLMES,NYL,paint,missed,6,missed,53.8,13
JULIE ALLEMAND,IND,paint,missed,7,missed,36.4,11
KAELA DAVIS,ATL,paint,missed,0,missed,0,0
KAHLEAH COPPER,CHI,paint,missed,34,missed,40.4,57
KAILA CHARLES,CON,paint,missed,19,missed,34.5,29
KALANI BROWN,ATL,paint,missed,5,missed,16.7,6
KALEENA MOSQUEDA-LEWIS,CON,paint,missed,4,missed,33.3,6
KAMIAH SMALLS,IND,paint,missed,3,missed,0,3
KARIMA CHRISTMAS-KELLY,MIN,paint,missed,2,missed,0,2
KATHLEEN DOYLE,IND,paint,missed,6,missed,14.3,7
KATIE LOU SAMUELSON,DAL,paint,missed,3,missed,75,12
KAYLA ALEXANDER,MIN,paint,missed,11,missed,38.9,18
KAYLA MCBRIDE,LVA,paint,missed,27,missed,47.1,51
KAYLA THORNTON,DAL,paint,missed,13,missed,45.8,24
KELSEY MITCHELL,IND,paint,missed,37,missed,38.3,60
KENNEDY BURKE,IND,paint,missed,22,missed,38.9,36
KIA NURSE,NYL,paint,missed,38,missed,17.4,46
KIA VAUGHN,PHO,paint,missed,19,missed,48.6,37
KIAH STOKES,NYL,paint,missed,3,missed,62.5,8
KIARA LESLIE,WAS,paint,missed,15,missed,37.5,24
KRISTINE ANIGWE,LAS,paint,missed,13,missed,31.6,19
KYLEE SHOOK,NYL,paint,missed,20,missed,31,29
LAUREN COX,IND,paint,missed,9,missed,40,15
LAYSHIA CLARENDON,NYL,paint,missed,41,missed,37.9,66
LEAONNA ODOM,NYL,paint,missed,18,missed,40,30
LEILANI MITCHELL,WAS,paint,missed,16,missed,46.7,30
LEXIE BROWN,MIN,paint,missed,8,missed,27.3,11
LINDSAY ALLEN,LVA,paint,missed,11,missed,21.4,14
MARIE GULICH,LAS,paint,missed,6,missed,45.5,11
MARINA MABREY,DAL,paint,missed,19,missed,42.4,33
MEGAN GUSTAFSON,DAL,paint,missed,4,missed,33.3,6
MEGAN HUFF,LVA,paint,missed,1,missed,0,1
MEGAN WALKER,NYL,paint,missed,7,missed,46.2,13
MERCEDES RUSSELL,SEA,paint,missed,24,missed,27.3,33
MIKIAH HERBERT HARRIGAN,MIN,paint,missed,13,missed,7.1,14
MONIQUE BILLINGS,ATL,paint,missed,43,missed,32.8,64
MORGAN TUCK,SEA,paint,missed,1,missed,50,2
MORIAH JEFFERSON,DAL,paint,missed,12,missed,36.8,19
MYISHA HINES-ALLEN,WAS,paint,missed,55,missed,48.6,107
NAPHEESA COLLIER,MIN,paint,missed,51,missed,45.2,93
NATALIE ACHONWA,IND,paint,missed,11,missed,56,25
NATASHA HOWARD,SEA,paint,missed,30,missed,43.4,53
NATISHA HIEDEMAN,CON,paint,missed,17,missed,22.7,22
NIA COFFEY,PHO,paint,missed,3,missed,40,5
NNEKA OGWUMIKE,LAS,paint,missed,24,missed,40,40
ODYSSEY SIMS,MIN,paint,missed,18,missed,35.7,28
PARIS KEA,NYL,paint,missed,5,missed,37.5,8
RACHEL BANHAM,MIN,paint,missed,15,missed,31.8,22
RESHANDA GRAY,LAS,paint,missed,3,missed,0,3
RIQUNA WILLIAMS,LAS,paint,missed,9,missed,55,20
RUTHY HEBARD,CHI,paint,missed,13,missed,58.1,31
SABRINA IONESCU,NYL,paint,missed,6,missed,50,12
SAMI WHITCOMB,SEA,paint,missed,12,missed,42.9,21
SATOU SABALLY,DAL,paint,missed,37,missed,38.3,60
SEIMONE AUGUSTUS,LAS,paint,missed,8,missed,42.9,14
SHATORI WALKER-KIMBROUGH,PHO,paint,missed,16,missed,38.5,26
SHEKINNA STRICKLEN,ATL,paint,missed,8,missed,38.5,13
SHENISE JOHNSON,MIN,paint,missed,20,missed,33.3,30
SHEY PEDDY,PHO,paint,missed,7,missed,53.3,15
SKYLAR DIGGINS-SMITH,PHO,paint,missed,35,missed,50,70
SOPHIE CUNNINGHAM,PHO,paint,missed,5,missed,61.5,13
STEFANIE DOLSON,CHI,paint,missed,9,missed,43.8,16
STELLA JOHNSON,WAS,paint,missed,7,missed,22.2,9
STEPHANIE MAVUNGA,CHI,paint,missed,6,missed,40,10
SUE BIRD,SEA,paint,missed,1,missed,75,4
SUG SUTTON,WAS,paint,missed,5,missed,16.7,6
SUGAR RODGERS,LVA,paint,missed,7,missed,30,10
SYDNEY COLSON,CHI,paint,missed,5,missed,37.5,8
SYDNEY WIESE,LAS,paint,missed,7,missed,22.2,9
SYLVIA FOWLES,MIN,paint,missed,13,missed,55.2,29
TE'A COOPER,LAS,paint,missed,16,missed,42.9,28
TEAIRA MCCOWAN,IND,paint,missed,40,missed,45.9,74
THERESA PLAISANCE,CON,paint,missed,2,missed,66.7,6
TIANNA HAWKINS,WAS,paint,missed,19,missed,36.7,30
TIERRA RUFFIN-PRATT,LAS,paint,missed,10,missed,9.1,11
TIFFANY MITCHELL,IND,paint,missed,26,missed,40.9,44
TYASHA HARRIS,DAL,paint,missed,12,missed,53.8,26
VICTORIA VIVIANS,IND,paint,missed,4,missed,50,8
A'JA WILSON,LVA,mid,missed,79,missed,35.2,122
AERIAL POWERS,WAS,mid,missed,13,missed,40.9,22
ALAINA COATES,WAS,mid,missed,2,missed,33.3,3
ALANNA SMITH,PHO,mid,missed,5,missed,50,10
ALEXIS JONES,ATL,mid,missed,1,missed,50,2
ALEXIS PRINCE,CHI,mid,missed,1,missed,0,1
ALISIA JENKINS,PHO,mid,missed,1,missed,50,2
ALLIE QUIGLEY,CHI,mid,missed,45,missed,53.1,96
ALLISHA GRAY,DAL,mid,missed,19,missed,29.6,27
ALYSHA CLARK,SEA,mid,missed,8,missed,42.9,14
ALYSSA THOMAS,CON,mid,missed,7,missed,50,14
AMANDA ZAHUI B.,NYL,mid,missed,26,missed,21.2,33
ANGEL MCCOUGHTRY,LVA,mid,missed,37,missed,39.3,61
ARIEL ATKINS,WAS,mid,missed,50,missed,45.1,91
ARIKE OGUNBOWALE,DAL,mid,missed,73,missed,35.4,113
ASTOU NDOUR,DAL,mid,missed,13,missed,13.3,15
AVERY WARLEY-TALBERT,LVA,mid,missed,0,missed,0,0
AZURA STEVENS,CHI,mid,missed,15,missed,34.8,23
BEATRICE MOMPREMIER,CON,mid,missed,8,missed,33.3,12
BELLA ALARIE,DAL,mid,missed,3,missed,40,5
BETNIJAH LANEY,ATL,mid,missed,56,missed,34.9,86
BLAKE DIETRICK,ATL,mid,missed,8,missed,27.3,11
BREANNA STEWART,SEA,mid,missed,47,missed,32.9,70
BRIA HARTLEY,PHO,mid,missed,28,missed,26.3,38
BRIA HOLMES,CON,mid,missed,10,missed,23.1,13
BRIANN JANUARY,CON,mid,missed,21,missed,32.3,31
BRIANNA TURNER,PHO,mid,missed,7,missed,30,10
BRIDGET CARLETON,MIN,mid,missed,7,missed,56.3,16
BRIONNA JONES,CON,mid,missed,23,missed,28.1,32
BRITTANY BREWER,ATL,mid,missed,1,missed,50,2
BRITTNEY GRINER,PHO,mid,missed,21,missed,44.7,38
BRITTNEY SYKES,LAS,mid,missed,17,missed,45.2,31
CANDACE PARKER,LAS,mid,missed,25,missed,28.6,35
CANDICE DUPREE,IND,mid,missed,74,missed,41.3,126
CAROLYN SWORDS,LVA,mid,missed,9,missed,18.2,11
CHELSEA GRAY,LAS,mid,missed,63,missed,41.1,107
CHENNEDY CARTER,ATL,mid,missed,41,missed,38.8,67
CHEYENNE PARKER,CHI,mid,missed,10,missed,44.4,18
CIERRA BURDICK,LVA,mid,missed,5,missed,16.7,6
COURTNEY VANDERSLOOT,CHI,mid,missed,13,missed,59.4,32
COURTNEY WILLIAMS,ATL,mid,missed,98,missed,44.6,177
CRYSTAL DANGERFIELD,MIN,mid,missed,25,missed,46.8,47
CRYSTAL LANGHORNE,SEA,mid,missed,2,missed,33.3,3
DAMIRIS DANTAS,MIN,mid,missed,22,missed,35.3,34
DANIELLE ROBINSON,LVA,mid,missed,17,missed,43.3,30
DEWANNA BONNER,CON,mid,missed,50,missed,37.5,80
DEARICA HAMBY,LVA,mid,missed,15,missed,11.8,17
DIAMOND DESHIELDS,CHI,mid,missed,13,missed,40.9,22
DIANA TAURASI,PHO,mid,missed,18,missed,52.6,38
ELIZABETH WILLIAMS,ATL,mid,missed,10,missed,0,10
EMMA CANNON,LVA,mid,missed,NA,missed,NA,NA
EMMA MEESSEMAN,WAS,mid,missed,42,missed,42.5,73
EPIPHANNY PRINCE,SEA,mid,missed,5,missed,58.3,12
ERICA MCCALL,MIN,mid,missed,10,missed,28.6,14
ESSENCE CARSON,CON,mid,missed,18,missed,35.7,28
EZI MAGBEGOR,SEA,mid,missed,5,missed,37.5,8
GABBY WILLIAMS,CHI,mid,missed,15,missed,42.3,26
GLORY JOHNSON,ATL,mid,missed,10,missed,33.3,15
ISABELLE HARRISON,DAL,mid,missed,15,missed,34.8,23
JACKI GEMELOS,WAS,mid,missed,4,missed,50,8
JACKIE YOUNG,LVA,mid,missed,35,missed,47.8,67
JASMINE THOMAS,CON,mid,missed,34,missed,45.2,62
JAYLYN AGNEW,ATL,mid,missed,1,missed,0,1
JAZMINE JONES,NYL,mid,missed,20,missed,33.3,30
JEWELL LOYD,SEA,mid,missed,38,missed,44.9,69
JOCELYN WILLOUGHBY,NYL,mid,missed,9,missed,47.1,17
JORDIN CANADA,SEA,mid,missed,29,missed,35.6,45
JOYNER HOLMES,NYL,mid,missed,11,missed,15.4,13
JULIE ALLEMAND,IND,mid,missed,13,missed,27.8,18
KAELA DAVIS,ATL,mid,missed,0,missed,0,0
KAHLEAH COPPER,CHI,mid,missed,37,missed,45.6,68
KAILA CHARLES,CON,mid,missed,11,missed,31.3,16
KALANI BROWN,ATL,mid,missed,2,missed,50,4
KALEENA MOSQUEDA-LEWIS,CON,mid,missed,6,missed,33.3,9
KAMIAH SMALLS,IND,mid,missed,2,missed,33.3,3
KARIMA CHRISTMAS-KELLY,MIN,mid,missed,1,missed,0,1
KATHLEEN DOYLE,IND,mid,missed,7,missed,12.5,8
KATIE LOU SAMUELSON,DAL,mid,missed,11,missed,8.3,12
KAYLA ALEXANDER,MIN,mid,missed,2,missed,60,5
KAYLA MCBRIDE,LVA,mid,missed,39,missed,45.1,71
KAYLA THORNTON,DAL,mid,missed,11,missed,26.7,15
KELSEY MITCHELL,IND,mid,missed,28,missed,45.1,51
KENNEDY BURKE,IND,mid,missed,9,missed,25,12
KIA NURSE,NYL,mid,missed,24,missed,22.6,31
KIA VAUGHN,PHO,mid,missed,37,missed,41.3,63
KIAH STOKES,NYL,mid,missed,3,missed,40,5
KIARA LESLIE,WAS,mid,missed,15,missed,11.8,17
KRISTINE ANIGWE,LAS,mid,missed,5,missed,28.6,7
KYLEE SHOOK,NYL,mid,missed,9,missed,47.1,17
LAUREN COX,IND,mid,missed,8,missed,27.3,11
LAYSHIA CLARENDON,NYL,mid,missed,7,missed,22.2,9
LEAONNA ODOM,NYL,mid,missed,4,missed,33.3,6
LEILANI MITCHELL,WAS,mid,missed,13,missed,45.8,24
LEXIE BROWN,MIN,mid,missed,20,missed,35.5,31
LINDSAY ALLEN,LVA,mid,missed,12,missed,33.3,18
MARIE GULICH,LAS,mid,missed,2,missed,33.3,3
MARINA MABREY,DAL,mid,missed,12,missed,25,16
MEGAN GUSTAFSON,DAL,mid,missed,2,missed,0,2
MEGAN HUFF,LVA,mid,missed,1,missed,0,1
MEGAN WALKER,NYL,mid,missed,8,missed,33.3,12
MERCEDES RUSSELL,SEA,mid,missed,10,missed,28.6,14
MIKIAH HERBERT HARRIGAN,MIN,mid,missed,18,missed,33.3,27
MONIQUE BILLINGS,ATL,mid,missed,34,missed,26.1,46
MORGAN TUCK,SEA,mid,missed,1,missed,0,1
MORIAH JEFFERSON,DAL,mid,missed,6,missed,33.3,9
MYISHA HINES-ALLEN,WAS,mid,missed,24,missed,44.2,43
NAPHEESA COLLIER,MIN,mid,missed,31,missed,31.1,45
NATALIE ACHONWA,IND,mid,missed,25,missed,40.5,42
NATASHA HOWARD,SEA,mid,missed,7,missed,36.4,11
NATISHA HIEDEMAN,CON,mid,missed,20,missed,20,25
NIA COFFEY,PHO,mid,missed,5,missed,54.5,11
NNEKA OGWUMIKE,LAS,mid,missed,21,missed,43.2,37
ODYSSEY SIMS,MIN,mid,missed,15,missed,31.8,22
PARIS KEA,NYL,mid,missed,13,missed,40.9,22
RACHEL BANHAM,MIN,mid,missed,11,missed,45,20
RESHANDA GRAY,LAS,mid,missed,3,missed,25,4
RIQUNA WILLIAMS,LAS,mid,missed,32,missed,36,50
RUTHY HEBARD,CHI,mid,missed,9,missed,47.1,17
SABRINA IONESCU,NYL,mid,missed,4,missed,33.3,6
SAMI WHITCOMB,SEA,mid,missed,4,missed,60,10
SATOU SABALLY,DAL,mid,missed,10,missed,28.6,14
SEIMONE AUGUSTUS,LAS,mid,missed,38,missed,46.5,71
SHATORI WALKER-KIMBROUGH,PHO,mid,missed,18,missed,40,30
SHEKINNA STRICKLEN,ATL,mid,missed,9,missed,40,15
SHENISE JOHNSON,MIN,mid,missed,12,missed,36.8,19
SHEY PEDDY,PHO,mid,missed,4,missed,20,5
SKYLAR DIGGINS-SMITH,PHO,mid,missed,13,missed,51.9,27
SOPHIE CUNNINGHAM,PHO,mid,missed,4,missed,33.3,6
STEFANIE DOLSON,CHI,mid,missed,5,missed,44.4,9
STELLA JOHNSON,WAS,mid,missed,3,missed,0,3
STEPHANIE MAVUNGA,CHI,mid,missed,4,missed,33.3,6
SUE BIRD,SEA,mid,missed,14,missed,46.2,26
SUG SUTTON,WAS,mid,missed,4,missed,50,8
SUGAR RODGERS,LVA,mid,missed,3,missed,40,5
SYDNEY COLSON,CHI,mid,missed,0,missed,100,2
SYDNEY WIESE,LAS,mid,missed,5,missed,37.5,8
SYLVIA FOWLES,MIN,mid,missed,6,missed,0,6
TE'A COOPER,LAS,mid,missed,11,missed,31.3,16
TEAIRA MCCOWAN,IND,mid,missed,15,missed,25,20
THERESA PLAISANCE,CON,mid,missed,4,missed,20,5
TIANNA HAWKINS,WAS,mid,missed,13,missed,27.8,18
TIERRA RUFFIN-PRATT,LAS,mid,missed,12,missed,14.3,14
TIFFANY MITCHELL,IND,mid,missed,41,missed,30.5,59
TYASHA HARRIS,DAL,mid,missed,16,missed,42.9,28
VICTORIA VIVIANS,IND,mid,missed,5,missed,28.6,7
A'JA WILSON,LVA,left,missed,0,missed,0,0
AERIAL POWERS,WAS,left,missed,2,missed,0,2
ALAINA COATES,WAS,left,missed,0,missed,0,0
ALANNA SMITH,PHO,left,missed,0,missed,100,1
ALEXIS JONES,ATL,left,missed,0,missed,0,0
ALEXIS PRINCE,CHI,left,missed,NA,missed,NA,NA
ALISIA JENKINS,PHO,left,missed,0,missed,0,0
ALLIE QUIGLEY,CHI,left,missed,3,missed,50,6
ALLISHA GRAY,DAL,left,missed,1,missed,50,2
ALYSHA CLARK,SEA,left,missed,2,missed,71.4,7
ALYSSA THOMAS,CON,left,missed,0,missed,0,0
AMANDA ZAHUI B.,NYL,left,missed,1,missed,0,1
ANGEL MCCOUGHTRY,LVA,left,missed,0,missed,0,0
ARIEL ATKINS,WAS,left,missed,4,missed,42.9,7
ARIKE OGUNBOWALE,DAL,left,missed,3,missed,0,3
ASTOU NDOUR,DAL,left,missed,0,missed,100,1
AVERY WARLEY-TALBERT,LVA,left,missed,0,missed,0,0
AZURA STEVENS,CHI,left,missed,0,missed,100,3
BEATRICE MOMPREMIER,CON,left,missed,0,missed,0,0
BELLA ALARIE,DAL,left,missed,0,missed,0,0
BETNIJAH LANEY,ATL,left,missed,7,missed,12.5,8
BLAKE DIETRICK,ATL,left,missed,1,missed,50,2
BREANNA STEWART,SEA,left,missed,0,missed,0,0
BRIA HARTLEY,PHO,left,missed,0,missed,0,0
BRIA HOLMES,CON,left,missed,0,missed,0,0
BRIANN JANUARY,CON,left,missed,0,missed,0,0
BRIANNA TURNER,PHO,left,missed,0,missed,0,0
BRIDGET CARLETON,MIN,left,missed,2,missed,60,5
BRIONNA JONES,CON,left,missed,0,missed,0,0
BRITTANY BREWER,ATL,left,missed,NA,missed,NA,NA
BRITTNEY GRINER,PHO,left,missed,0,missed,0,0
BRITTNEY SYKES,LAS,left,missed,3,missed,50,6
CANDACE PARKER,LAS,left,missed,1,missed,66.7,3
CANDICE DUPREE,IND,left,missed,0,missed,0,0
CAROLYN SWORDS,LVA,left,missed,0,missed,0,0
CHELSEA GRAY,LAS,left,missed,0,missed,0,0
CHENNEDY CARTER,ATL,left,missed,1,missed,0,1
CHEYENNE PARKER,CHI,left,missed,1,missed,0,1
CIERRA BURDICK,LVA,left,missed,0,missed,0,0
COURTNEY VANDERSLOOT,CHI,left,missed,1,missed,50,2
COURTNEY WILLIAMS,ATL,left,missed,3,missed,0,3
CRYSTAL DANGERFIELD,MIN,left,missed,2,missed,0,2
CRYSTAL LANGHORNE,SEA,left,missed,0,missed,0,0
DAMIRIS DANTAS,MIN,left,missed,1,missed,50,2
DANIELLE ROBINSON,LVA,left,missed,1,missed,0,1
DEWANNA BONNER,CON,left,missed,2,missed,33.3,3
DEARICA HAMBY,LVA,left,missed,1,missed,66.7,3
DIAMOND DESHIELDS,CHI,left,missed,1,missed,50,2
DIANA TAURASI,PHO,left,missed,1,missed,0,1
ELIZABETH WILLIAMS,ATL,left,missed,0,missed,0,0
EMMA CANNON,LVA,left,missed,NA,missed,NA,NA
EMMA MEESSEMAN,WAS,left,missed,2,missed,0,2
EPIPHANNY PRINCE,SEA,left,missed,0,missed,0,0
ERICA MCCALL,MIN,left,missed,0,missed,0,0
ESSENCE CARSON,CON,left,missed,1,missed,50,2
EZI MAGBEGOR,SEA,left,missed,0,missed,0,0
GABBY WILLIAMS,CHI,left,missed,2,missed,33.3,3
GLORY JOHNSON,ATL,left,missed,0,missed,0,0
ISABELLE HARRISON,DAL,left,missed,0,missed,0,0
JACKI GEMELOS,WAS,left,missed,2,missed,50,4
JACKIE YOUNG,LVA,left,missed,0,missed,0,0
JASMINE THOMAS,CON,left,missed,4,missed,33.3,6
JAYLYN AGNEW,ATL,left,missed,0,missed,100,1
JAZMINE JONES,NYL,left,missed,0,missed,100,1
JEWELL LOYD,SEA,left,missed,5,missed,61.5,13
JOCELYN WILLOUGHBY,NYL,left,missed,1,missed,0,1
JORDIN CANADA,SEA,left,missed,0,missed,0,0
JOYNER HOLMES,NYL,left,missed,1,missed,0,1
JULIE ALLEMAND,IND,left,missed,0,missed,100,1
KAELA DAVIS,ATL,left,missed,NA,missed,NA,NA
KAHLEAH COPPER,CHI,left,missed,1,missed,50,2
KAILA CHARLES,CON,left,missed,0,missed,0,0
KALANI BROWN,ATL,left,missed,0,missed,0,0
KALEENA MOSQUEDA-LEWIS,CON,left,missed,2,missed,33.3,3
KAMIAH SMALLS,IND,left,missed,2,missed,33.3,3
KARIMA CHRISTMAS-KELLY,MIN,left,missed,0,missed,0,0
KATHLEEN DOYLE,IND,left,missed,1,missed,0,1
KATIE LOU SAMUELSON,DAL,left,missed,2,missed,0,2
KAYLA ALEXANDER,MIN,left,missed,0,missed,0,0
KAYLA MCBRIDE,LVA,left,missed,3,missed,0,3
KAYLA THORNTON,DAL,left,missed,1,missed,0,1
KELSEY MITCHELL,IND,left,missed,2,missed,0,2
KENNEDY BURKE,IND,left,missed,0,missed,100,2
KIA NURSE,NYL,left,missed,2,missed,33.3,3
KIA VAUGHN,PHO,left,missed,0,missed,0,0
KIAH STOKES,NYL,left,missed,6,missed,0,6
KIARA LESLIE,WAS,left,missed,2,missed,50,4
KRISTINE ANIGWE,LAS,left,missed,0,missed,0,0
KYLEE SHOOK,NYL,left,missed,1,missed,0,1
LAUREN COX,IND,left,missed,0,missed,0,0
LAYSHIA CLARENDON,NYL,left,missed,0,missed,0,0
LEAONNA ODOM,NYL,left,missed,1,missed,66.7,3
LEILANI MITCHELL,WAS,left,missed,2,missed,33.3,3
LEXIE BROWN,MIN,left,missed,3,missed,0,3
LINDSAY ALLEN,LVA,left,missed,0,missed,100,1
MARIE GULICH,LAS,left,missed,0,missed,0,0
MARINA MABREY,DAL,left,missed,1,missed,66.7,3
MEGAN GUSTAFSON,DAL,left,missed,0,missed,0,0
MEGAN HUFF,LVA,left,missed,0,missed,0,0
MEGAN WALKER,NYL,left,missed,2,missed,0,2
MERCEDES RUSSELL,SEA,left,missed,0,missed,0,0
MIKIAH HERBERT HARRIGAN,MIN,left,missed,0,missed,100,1
MONIQUE BILLINGS,ATL,left,missed,0,missed,0,0
MORGAN TUCK,SEA,left,missed,2,missed,0,2
MORIAH JEFFERSON,DAL,left,missed,0,missed,0,0
MYISHA HINES-ALLEN,WAS,left,missed,1,missed,0,1
NAPHEESA COLLIER,MIN,left,missed,1,missed,50,2
NATALIE ACHONWA,IND,left,missed,0,missed,0,0
NATASHA HOWARD,SEA,left,missed,0,missed,100,1
NATISHA HIEDEMAN,CON,left,missed,0,missed,0,0
NIA COFFEY,PHO,left,missed,1,missed,0,1
NNEKA OGWUMIKE,LAS,left,missed,0,missed,0,0
ODYSSEY SIMS,MIN,left,missed,0,missed,0,0
PARIS KEA,NYL,left,missed,0,missed,0,0
RACHEL BANHAM,MIN,left,missed,0,missed,100,2
RESHANDA GRAY,LAS,left,missed,0,missed,0,0
RIQUNA WILLIAMS,LAS,left,missed,4,missed,60,10
RUTHY HEBARD,CHI,left,missed,0,missed,0,0
SABRINA IONESCU,NYL,left,missed,1,missed,0,1
SAMI WHITCOMB,SEA,left,missed,2,missed,33.3,3
SATOU SABALLY,DAL,left,missed,3,missed,0,3
SEIMONE AUGUSTUS,LAS,left,missed,0,missed,0,0
SHATORI WALKER-KIMBROUGH,PHO,left,missed,6,missed,25,8
SHEKINNA STRICKLEN,ATL,left,missed,2,missed,0,2
SHENISE JOHNSON,MIN,left,missed,0,missed,0,0
SHEY PEDDY,PHO,left,missed,0,missed,100,1
SKYLAR DIGGINS-SMITH,PHO,left,missed,3,missed,40,5
SOPHIE CUNNINGHAM,PHO,left,missed,3,missed,40,5
STEFANIE DOLSON,CHI,left,missed,0,missed,0,0
STELLA JOHNSON,WAS,left,missed,0,missed,0,0
STEPHANIE MAVUNGA,CHI,left,missed,0,missed,0,0
SUE BIRD,SEA,left,missed,0,missed,100,3
SUG SUTTON,WAS,left,missed,0,missed,0,0
SUGAR RODGERS,LVA,left,missed,0,missed,0,0
SYDNEY COLSON,CHI,left,missed,0,missed,0,0
SYDNEY WIESE,LAS,left,missed,0,missed,100,2
SYLVIA FOWLES,MIN,left,missed,0,missed,0,0
TE'A COOPER,LAS,left,missed,5,missed,16.7,6
TEAIRA MCCOWAN,IND,left,missed,0,missed,0,0
THERESA PLAISANCE,CON,left,missed,0,missed,0,0
TIANNA HAWKINS,WAS,left,missed,1,missed,0,1
TIERRA RUFFIN-PRATT,LAS,left,missed,0,missed,0,0
TIFFANY MITCHELL,IND,left,missed,3,missed,40,5
TYASHA HARRIS,DAL,left,missed,2,missed,33.3,3
VICTORIA VIVIANS,IND,left,missed,1,missed,50,2
A'JA WILSON,LVA,right,missed,0,missed,0,0
AERIAL POWERS,WAS,right,missed,1,missed,0,1
ALAINA COATES,WAS,right,missed,0,missed,0,0
ALANNA SMITH,PHO,right,missed,0,missed,0,0
ALEXIS JONES,ATL,right,missed,0,missed,0,0
ALEXIS PRINCE,CHI,right,missed,NA,missed,NA,NA
ALISIA JENKINS,PHO,right,missed,0,missed,0,0
ALLIE QUIGLEY,CHI,right,missed,0,missed,100,1
ALLISHA GRAY,DAL,right,missed,1,missed,50,2
ALYSHA CLARK,SEA,right,missed,0,missed,0,0
ALYSSA THOMAS,CON,right,missed,0,missed,0,0
AMANDA ZAHUI B.,NYL,right,missed,0,missed,0,0
ANGEL MCCOUGHTRY,LVA,right,missed,0,missed,0,0
ARIEL ATKINS,WAS,right,missed,0,missed,0,0
ARIKE OGUNBOWALE,DAL,right,missed,1,missed,0,1
ASTOU NDOUR,DAL,right,missed,0,missed,0,0
AVERY WARLEY-TALBERT,LVA,right,missed,NA,missed,NA,NA
AZURA STEVENS,CHI,right,missed,1,missed,50,2
BEATRICE MOMPREMIER,CON,right,missed,0,missed,0,0
BELLA ALARIE,DAL,right,missed,0,missed,0,0
BETNIJAH LANEY,ATL,right,missed,1,missed,50,2
BLAKE DIETRICK,ATL,right,missed,0,missed,0,0
BREANNA STEWART,SEA,right,missed,0,missed,0,0
BRIA HARTLEY,PHO,right,missed,0,missed,0,0
BRIA HOLMES,CON,right,missed,0,missed,0,0
BRIANN JANUARY,CON,right,missed,0,missed,0,0
BRIANNA TURNER,PHO,right,missed,0,missed,0,0
BRIDGET CARLETON,MIN,right,missed,1,missed,0,1
BRIONNA JONES,CON,right,missed,0,missed,0,0
BRITTANY BREWER,ATL,right,missed,0,missed,0,0
BRITTNEY GRINER,PHO,right,missed,0,missed,0,0
BRITTNEY SYKES,LAS,right,missed,2,missed,33.3,3
CANDACE PARKER,LAS,right,missed,0,missed,0,0
CANDICE DUPREE,IND,right,missed,0,missed,0,0
CAROLYN SWORDS,LVA,right,missed,0,missed,0,0
CHELSEA GRAY,LAS,right,missed,0,missed,100,1
CHENNEDY CARTER,ATL,right,missed,0,missed,100,1
CHEYENNE PARKER,CHI,right,missed,0,missed,0,0
CIERRA BURDICK,LVA,right,missed,0,missed,0,0
COURTNEY VANDERSLOOT,CHI,right,missed,0,missed,100,1
COURTNEY WILLIAMS,ATL,right,missed,0,missed,0,0
CRYSTAL DANGERFIELD,MIN,right,missed,1,missed,50,2
CRYSTAL LANGHORNE,SEA,right,missed,0,missed,0,0
DAMIRIS DANTAS,MIN,right,missed,0,missed,0,0
DANIELLE ROBINSON,LVA,right,missed,0,missed,0,0
DEWANNA BONNER,CON,right,missed,1,missed,0,1
DEARICA HAMBY,LVA,right,missed,0,missed,0,0
DIAMOND DESHIELDS,CHI,right,missed,2,missed,0,2
DIANA TAURASI,PHO,right,missed,1,missed,0,1
ELIZABETH WILLIAMS,ATL,right,missed,0,missed,0,0
EMMA CANNON,LVA,right,missed,NA,missed,NA,NA
EMMA MEESSEMAN,WAS,right,missed,0,missed,0,0
EPIPHANNY PRINCE,SEA,right,missed,0,missed,0,0
ERICA MCCALL,MIN,right,missed,0,missed,0,0
ESSENCE CARSON,CON,right,missed,1,missed,0,1
EZI MAGBEGOR,SEA,right,missed,0,missed,0,0
GABBY WILLIAMS,CHI,right,missed,2,missed,0,2
GLORY JOHNSON,ATL,right,missed,0,missed,0,0
ISABELLE HARRISON,DAL,right,missed,0,missed,0,0
JACKI GEMELOS,WAS,right,missed,1,missed,0,1
JACKIE YOUNG,LVA,right,missed,0,missed,0,0
JASMINE THOMAS,CON,right,missed,0,missed,100,1
JAYLYN AGNEW,ATL,right,missed,0,missed,0,0
JAZMINE JONES,NYL,right,missed,1,missed,0,1
JEWELL LOYD,SEA,right,missed,1,missed,0,1
JOCELYN WILLOUGHBY,NYL,right,missed,0,missed,0,0
JORDIN CANADA,SEA,right,missed,0,missed,0,0
JOYNER HOLMES,NYL,right,missed,0,missed,100,1
JULIE ALLEMAND,IND,right,missed,0,missed,0,0
KAELA DAVIS,ATL,right,missed,NA,missed,NA,NA
KAHLEAH COPPER,CHI,right,missed,0,missed,100,1
KAILA CHARLES,CON,right,missed,1,missed,50,2
KALANI BROWN,ATL,right,missed,0,missed,0,0
KALEENA MOSQUEDA-LEWIS,CON,right,missed,0,missed,100,1
KAMIAH SMALLS,IND,right,missed,0,missed,0,0
KARIMA CHRISTMAS-KELLY,MIN,right,missed,0,missed,0,0
KATHLEEN DOYLE,IND,right,missed,0,missed,0,0
KATIE LOU SAMUELSON,DAL,right,missed,0,missed,0,0
KAYLA ALEXANDER,MIN,right,missed,0,missed,0,0
KAYLA MCBRIDE,LVA,right,missed,0,missed,0,0
KAYLA THORNTON,DAL,right,missed,0,missed,100,2
KELSEY MITCHELL,IND,right,missed,0,missed,0,0
KENNEDY BURKE,IND,right,missed,0,missed,0,0
KIA NURSE,NYL,right,missed,0,missed,0,0
KIA VAUGHN,PHO,right,missed,0,missed,0,0
KIAH STOKES,NYL,right,missed,3,missed,0,3
KIARA LESLIE,WAS,right,missed,0,missed,0,0
KRISTINE ANIGWE,LAS,right,missed,0,missed,0,0
KYLEE SHOOK,NYL,right,missed,0,missed,0,0
LAUREN COX,IND,right,missed,0,missed,0,0
LAYSHIA CLARENDON,NYL,right,missed,1,missed,0,1
LEAONNA ODOM,NYL,right,missed,1,missed,50,2
LEILANI MITCHELL,WAS,right,missed,1,missed,66.7,3
LEXIE BROWN,MIN,right,missed,0,missed,0,0
LINDSAY ALLEN,LVA,right,missed,0,missed,0,0
MARIE GULICH,LAS,right,missed,0,missed,0,0
MARINA MABREY,DAL,right,missed,0,missed,0,0
MEGAN GUSTAFSON,DAL,right,missed,0,missed,0,0
MEGAN HUFF,LVA,right,missed,0,missed,0,0
MEGAN WALKER,NYL,right,missed,0,missed,0,0
MERCEDES RUSSELL,SEA,right,missed,0,missed,0,0
MIKIAH HERBERT HARRIGAN,MIN,right,missed,1,missed,0,1
MONIQUE BILLINGS,ATL,right,missed,0,missed,0,0
MORGAN TUCK,SEA,right,missed,1,missed,0,1
MORIAH JEFFERSON,DAL,right,missed,1,missed,0,1
MYISHA HINES-ALLEN,WAS,right,missed,0,missed,0,0
NAPHEESA COLLIER,MIN,right,missed,0,missed,100,1
NATALIE ACHONWA,IND,right,missed,0,missed,0,0
NATASHA HOWARD,SEA,right,missed,0,missed,0,0
NATISHA HIEDEMAN,CON,right,missed,1,missed,0,1
NIA COFFEY,PHO,right,missed,0,missed,0,0
NNEKA OGWUMIKE,LAS,right,missed,0,missed,0,0
ODYSSEY SIMS,MIN,right,missed,0,missed,0,0
PARIS KEA,NYL,right,missed,0,missed,0,0
RACHEL BANHAM,MIN,right,missed,0,missed,100,1
RESHANDA GRAY,LAS,right,missed,0,missed,0,0
RIQUNA WILLIAMS,LAS,right,missed,0,missed,100,1
RUTHY HEBARD,CHI,right,missed,0,missed,0,0
SABRINA IONESCU,NYL,right,missed,0,missed,0,0
SAMI WHITCOMB,SEA,right,missed,4,missed,33.3,6
SATOU SABALLY,DAL,right,missed,0,missed,100,3
SEIMONE AUGUSTUS,LAS,right,missed,0,missed,0,0
SHATORI WALKER-KIMBROUGH,PHO,right,missed,0,missed,0,0
SHEKINNA STRICKLEN,ATL,right,missed,1,missed,0,1
SHENISE JOHNSON,MIN,right,missed,0,missed,0,0
SHEY PEDDY,PHO,right,missed,0,missed,0,0
SKYLAR DIGGINS-SMITH,PHO,right,missed,1,missed,50,2
SOPHIE CUNNINGHAM,PHO,right,missed,2,missed,33.3,3
STEFANIE DOLSON,CHI,right,missed,0,missed,0,0
STELLA JOHNSON,WAS,right,missed,0,missed,0,0
STEPHANIE MAVUNGA,CHI,right,missed,0,missed,0,0
SUE BIRD,SEA,right,missed,0,missed,100,1
SUG SUTTON,WAS,right,missed,0,missed,0,0
SUGAR RODGERS,LVA,right,missed,1,missed,50,2
SYDNEY COLSON,CHI,right,missed,0,missed,0,0
SYDNEY WIESE,LAS,right,missed,1,missed,0,1
SYLVIA FOWLES,MIN,right,missed,0,missed,0,0
TE'A COOPER,LAS,right,missed,0,missed,0,0
TEAIRA MCCOWAN,IND,right,missed,0,missed,0,0
THERESA PLAISANCE,CON,right,missed,0,missed,0,0
TIANNA HAWKINS,WAS,right,missed,0,missed,0,0
TIERRA RUFFIN-PRATT,LAS,right,missed,0,missed,100,1
TIFFANY MITCHELL,IND,right,missed,1,missed,50,2
TYASHA HARRIS,DAL,right,missed,1,missed,0,1
VICTORIA VIVIANS,IND,right,missed,0,missed,0,0
A'JA WILSON,LVA,break,missed,0,missed,0,0
AERIAL POWERS,WAS,break,missed,14,missed,39.1,23
ALAINA COATES,WAS,break,missed,0,missed,0,0
ALANNA SMITH,PHO,break,missed,33,missed,21.4,42
ALEXIS JONES,ATL,break,missed,12,missed,36.8,19
ALEXIS PRINCE,CHI,break,missed,1,missed,66.7,3
ALISIA JENKINS,PHO,break,missed,3,missed,0,3
ALLIE QUIGLEY,CHI,break,missed,83,missed,33.6,125
ALLISHA GRAY,DAL,break,missed,44,missed,34.3,67
ALYSHA CLARK,SEA,break,missed,30,missed,50,60
ALYSSA THOMAS,CON,break,missed,1,missed,0,1
AMANDA ZAHUI B.,NYL,break,missed,65,missed,34.3,99
ANGEL MCCOUGHTRY,LVA,break,missed,18,missed,47.1,34
ARIEL ATKINS,WAS,break,missed,58,missed,41.4,99
ARIKE OGUNBOWALE,DAL,break,missed,90,missed,34.8,138
ASTOU NDOUR,DAL,break,missed,19,missed,20.8,24
AVERY WARLEY-TALBERT,LVA,break,missed,0,missed,0,0
AZURA STEVENS,CHI,break,missed,23,missed,32.4,34
BEATRICE MOMPREMIER,CON,break,missed,0,missed,0,0
BELLA ALARIE,DAL,break,missed,12,missed,7.7,13
BETNIJAH LANEY,ATL,break,missed,35,missed,44.4,63
BLAKE DIETRICK,ATL,break,missed,31,missed,44.6,56
BREANNA STEWART,SEA,break,missed,60,missed,36.8,95
BRIA HARTLEY,PHO,break,missed,39,missed,39.1,64
BRIA HOLMES,CON,break,missed,20,missed,33.3,30
BRIANN JANUARY,CON,break,missed,19,missed,36.7,30
BRIANNA TURNER,PHO,break,missed,1,missed,0,1
BRIDGET CARLETON,MIN,break,missed,22,missed,45,40
BRIONNA JONES,CON,break,missed,0,missed,100,1
BRITTANY BREWER,ATL,break,missed,0,missed,0,0
BRITTNEY GRINER,PHO,break,missed,0,missed,0,0
BRITTNEY SYKES,LAS,break,missed,28,missed,30,40
CANDACE PARKER,LAS,break,missed,27,missed,38.6,44
CANDICE DUPREE,IND,break,missed,15,missed,16.7,18
CAROLYN SWORDS,LVA,break,missed,0,missed,0,0
CHELSEA GRAY,LAS,break,missed,41,missed,29.3,58
CHENNEDY CARTER,ATL,break,missed,19,missed,36.7,30
CHEYENNE PARKER,CHI,break,missed,16,missed,48.4,31
CIERRA BURDICK,LVA,break,missed,0,missed,0,0
COURTNEY VANDERSLOOT,CHI,break,missed,43,missed,39.4,71
COURTNEY WILLIAMS,ATL,break,missed,23,missed,25.8,31
CRYSTAL DANGERFIELD,MIN,break,missed,65,missed,33.7,98
CRYSTAL LANGHORNE,SEA,break,missed,4,missed,20,5
DAMIRIS DANTAS,MIN,break,missed,50,missed,43.2,88
DANIELLE ROBINSON,LVA,break,missed,6,missed,45.5,11
DEWANNA BONNER,CON,break,missed,76,missed,25.5,102
DEARICA HAMBY,LVA,break,missed,18,missed,47.1,34
DIAMOND DESHIELDS,CHI,break,missed,12,missed,14.3,14
DIANA TAURASI,PHO,break,missed,104,missed,37,165
ELIZABETH WILLIAMS,ATL,break,missed,0,missed,0,0
EMMA CANNON,LVA,break,missed,0,missed,0,0
EMMA MEESSEMAN,WAS,break,missed,30,missed,30.2,43
EPIPHANNY PRINCE,SEA,break,missed,18,missed,33.3,27
ERICA MCCALL,MIN,break,missed,3,missed,25,4
ESSENCE CARSON,CON,break,missed,30,missed,26.8,41
EZI MAGBEGOR,SEA,break,missed,2,missed,33.3,3
GABBY WILLIAMS,CHI,break,missed,45,missed,29.7,64
GLORY JOHNSON,ATL,break,missed,31,missed,26.2,42
ISABELLE HARRISON,DAL,break,missed,3,missed,0,3
JACKI GEMELOS,WAS,break,missed,23,missed,23.3,30
JACKIE YOUNG,LVA,break,missed,10,missed,23.1,13
JASMINE THOMAS,CON,break,missed,37,missed,32.7,55
JAYLYN AGNEW,ATL,break,missed,10,missed,16.7,12
JAZMINE JONES,NYL,break,missed,27,missed,32.5,40
JEWELL LOYD,SEA,break,missed,54,missed,36.5,85
JOCELYN WILLOUGHBY,NYL,break,missed,21,missed,41.7,36
JORDIN CANADA,SEA,break,missed,10,missed,9.1,11
JOYNER HOLMES,NYL,break,missed,24,missed,7.7,26
JULIE ALLEMAND,IND,break,missed,47,missed,47.8,90
KAELA DAVIS,ATL,break,missed,0,missed,0,0
KAHLEAH COPPER,CHI,break,missed,39,missed,32.8,58
KAILA CHARLES,CON,break,missed,18,missed,35.7,28
KALANI BROWN,ATL,break,missed,0,missed,0,0
KALEENA MOSQUEDA-LEWIS,CON,break,missed,33,missed,23.3,43
KAMIAH SMALLS,IND,break,missed,3,missed,66.7,9
KARIMA CHRISTMAS-KELLY,MIN,break,missed,3,missed,0,3
KATHLEEN DOYLE,IND,break,missed,15,missed,25,20
KATIE LOU SAMUELSON,DAL,break,missed,39,missed,32.8,58
KAYLA ALEXANDER,MIN,break,missed,0,missed,0,0
KAYLA MCBRIDE,LVA,break,missed,45,missed,35.7,70
KAYLA THORNTON,DAL,break,missed,45,missed,33.8,68
KELSEY MITCHELL,IND,break,missed,86,missed,39.4,142
KENNEDY BURKE,IND,break,missed,33,missed,28.3,46
KIA NURSE,NYL,break,missed,97,missed,23.6,127
KIA VAUGHN,PHO,break,missed,2,missed,0,2
KIAH STOKES,NYL,break,missed,56,missed,26.3,76
KIARA LESLIE,WAS,break,missed,28,missed,34.9,43
KRISTINE ANIGWE,LAS,break,missed,0,missed,0,0
KYLEE SHOOK,NYL,break,missed,13,missed,18.8,16
LAUREN COX,IND,break,missed,2,missed,60,5
LAYSHIA CLARENDON,NYL,break,missed,28,missed,34.9,43
LEAONNA ODOM,NYL,break,missed,13,missed,13.3,15
LEILANI MITCHELL,WAS,break,missed,62,missed,29.5,88
LEXIE BROWN,MIN,break,missed,35,missed,28.6,49
LINDSAY ALLEN,LVA,break,missed,11,missed,31.3,16
MARIE GULICH,LAS,break,missed,3,missed,0,3
MARINA MABREY,DAL,break,missed,52,missed,40.9,88
MEGAN GUSTAFSON,DAL,break,missed,1,missed,0,1
MEGAN HUFF,LVA,break,missed,1,missed,0,1
MEGAN WALKER,NYL,break,missed,34,missed,15,40
MERCEDES RUSSELL,SEA,break,missed,0,missed,0,0
MIKIAH HERBERT HARRIGAN,MIN,break,missed,18,missed,41.9,31
MONIQUE BILLINGS,ATL,break,missed,0,missed,0,0
MORGAN TUCK,SEA,break,missed,4,missed,33.3,6
MORIAH JEFFERSON,DAL,break,missed,3,missed,40,5
MYISHA HINES-ALLEN,WAS,break,missed,34,missed,43.3,60
NAPHEESA COLLIER,MIN,break,missed,28,missed,39.1,46
NATALIE ACHONWA,IND,break,missed,10,missed,0,10
NATASHA HOWARD,SEA,break,missed,13,missed,31.6,19
NATISHA HIEDEMAN,CON,break,missed,40,missed,36.5,63
NIA COFFEY,PHO,break,missed,13,missed,35,20
NNEKA OGWUMIKE,LAS,break,missed,9,missed,50,18
ODYSSEY SIMS,MIN,break,missed,16,missed,33.3,24
PARIS KEA,NYL,break,missed,20,missed,39.4,33
RACHEL BANHAM,MIN,break,missed,28,missed,44,50
RESHANDA GRAY,LAS,break,missed,0,missed,0,0
RIQUNA WILLIAMS,LAS,break,missed,55,missed,39.6,91
RUTHY HEBARD,CHI,break,missed,0,missed,0,0
SABRINA IONESCU,NYL,break,missed,12,missed,36.8,19
SAMI WHITCOMB,SEA,break,missed,46,missed,38.7,75
SATOU SABALLY,DAL,break,missed,50,missed,16.7,60
SEIMONE AUGUSTUS,LAS,break,missed,10,missed,54.5,22
SHATORI WALKER-KIMBROUGH,PHO,break,missed,23,missed,46.5,43
SHEKINNA STRICKLEN,ATL,break,missed,63,missed,34.4,96
SHENISE JOHNSON,MIN,break,missed,10,missed,37.5,16
SHEY PEDDY,PHO,break,missed,29,missed,9.4,32
SKYLAR DIGGINS-SMITH,PHO,break,missed,66,missed,39.4,109
SOPHIE CUNNINGHAM,PHO,break,missed,34,missed,20.9,43
STEFANIE DOLSON,CHI,break,missed,20,missed,37.5,32
STELLA JOHNSON,WAS,break,missed,5,missed,64.3,14
STEPHANIE MAVUNGA,CHI,break,missed,5,missed,0,5
SUE BIRD,SEA,break,missed,26,missed,42.2,45
SUG SUTTON,WAS,break,missed,11,missed,31.3,16
SUGAR RODGERS,LVA,break,missed,41,missed,31.7,60
SYDNEY COLSON,CHI,break,missed,6,missed,33.3,9
SYDNEY WIESE,LAS,break,missed,27,missed,46,50
SYLVIA FOWLES,MIN,break,missed,0,missed,0,0
TE'A COOPER,LAS,break,missed,16,missed,38.5,26
TEAIRA MCCOWAN,IND,break,missed,3,missed,0,3
THERESA PLAISANCE,CON,break,missed,12,missed,29.4,17
TIANNA HAWKINS,WAS,break,missed,39,missed,30.4,56
TIERRA RUFFIN-PRATT,LAS,break,missed,7,missed,41.7,12
TIFFANY MITCHELL,IND,break,missed,52,missed,21.2,66
TYASHA HARRIS,DAL,break,missed,34,missed,34.6,52
VICTORIA VIVIANS,IND,break,missed,8,missed,11.1,9
